
/*!40101 SET @OLD_CHARACTER_SET_CLIENT=@@CHARACTER_SET_CLIENT */;
/*!40101 SET @OLD_CHARACTER_SET_RESULTS=@@CHARACTER_SET_RESULTS */;
/*!40101 SET @OLD_COLLATION_CONNECTION=@@COLLATION_CONNECTION */;
/*!40101 SET NAMES utf8 */;
/*!40103 SET @OLD_TIME_ZONE=@@TIME_ZONE */;
/*!40103 SET TIME_ZONE='+00:00' */;
/*!40014 SET @OLD_UNIQUE_CHECKS=@@UNIQUE_CHECKS, UNIQUE_CHECKS=0 */;
/*!40014 SET @OLD_FOREIGN_KEY_CHECKS=@@FOREIGN_KEY_CHECKS, FOREIGN_KEY_CHECKS=0 */;
/*!40101 SET @OLD_SQL_MODE=@@SQL_MODE, SQL_MODE='NO_AUTO_VALUE_ON_ZERO' */;
/*!40111 SET @OLD_SQL_NOTES=@@SQL_NOTES, SQL_NOTES=0 */;
DROP TABLE IF EXISTS `api_counters`;
/*!40101 SET @saved_cs_client     = @@character_set_client */;
/*!40101 SET character_set_client = utf8 */;
CREATE TABLE `api_counters` (
  `id` bigint(20) unsigned NOT NULL AUTO_INCREMENT,
  `counting_started_at` date DEFAULT NULL,
  `counter` bigint(20) DEFAULT '0',
  `max_daily_counter` bigint(20) DEFAULT '0',
  `request` varchar(191) COLLATE utf8mb4_unicode_ci NOT NULL,
  `error_code` int(11) NOT NULL DEFAULT '200',
  `tw_account_id` bigint(20) NOT NULL,
  `deleted_at` timestamp NULL DEFAULT NULL,
  `created_at` timestamp NULL DEFAULT NULL,
  `updated_at` timestamp NULL DEFAULT NULL,
  PRIMARY KEY (`id`)
) ENGINE=InnoDB AUTO_INCREMENT=17 DEFAULT CHARSET=utf8mb4 COLLATE=utf8mb4_unicode_ci;
/*!40101 SET character_set_client = @saved_cs_client */;

LOCK TABLES `api_counters` WRITE;
/*!40000 ALTER TABLE `api_counters` DISABLE KEYS */;
INSERT INTO `api_counters` VALUES (1,'2020-03-11',0,0,'users_show',200,1,NULL,'2020-03-11 21:58:42','2020-03-11 21:58:42'),(2,'2020-03-11',0,0,'followers_list',200,1,NULL,'2020-03-11 21:58:42','2020-03-11 21:58:42'),(3,'2020-03-14',36,400,'friendships_create',200,1,NULL,'2020-03-11 21:58:42','2020-03-14 15:44:28'),(4,'2020-03-11',0,400,'friendships_lookup',200,1,NULL,'2020-03-11 21:58:42','2020-03-11 21:58:42'),(5,'2020-03-11',0,1000,'friendships_destroy',200,1,NULL,'2020-03-11 21:58:42','2020-03-11 21:58:42'),(6,'2020-03-11',0,0,'search_tweets',200,1,NULL,'2020-03-11 21:58:42','2020-03-11 21:58:42'),(7,'2020-03-14',2,1000,'favorites_create',200,1,NULL,'2020-03-11 21:58:42','2020-03-14 00:06:11'),(8,'2020-03-11',0,0,'statuses_update',200,1,NULL,'2020-03-11 21:58:42','2020-03-11 21:58:42'),(9,'2020-03-14',0,0,'users_show',200,2,NULL,'2020-03-14 12:20:23','2020-03-14 12:20:23'),(10,'2020-03-14',0,0,'followers_list',200,2,NULL,'2020-03-14 12:20:23','2020-03-14 12:20:23'),(11,'2020-03-14',0,400,'friendships_create',200,2,NULL,'2020-03-14 12:20:23','2020-03-14 12:20:23'),(12,'2020-03-14',0,400,'friendships_lookup',200,2,NULL,'2020-03-14 12:20:23','2020-03-14 12:20:23'),(13,'2020-03-14',0,1000,'friendships_destroy',200,2,NULL,'2020-03-14 12:20:23','2020-03-14 12:20:23'),(14,'2020-03-14',0,0,'search_tweets',200,2,NULL,'2020-03-14 12:20:23','2020-03-14 12:20:23'),(15,'2020-03-14',0,1000,'favorites_create',200,2,NULL,'2020-03-14 12:20:23','2020-03-14 12:20:23'),(16,'2020-03-14',0,0,'statuses_update',200,2,NULL,'2020-03-14 12:20:23','2020-03-14 12:20:23');
/*!40000 ALTER TABLE `api_counters` ENABLE KEYS */;
UNLOCK TABLES;
DROP TABLE IF EXISTS `failed_jobs`;
/*!40101 SET @saved_cs_client     = @@character_set_client */;
/*!40101 SET character_set_client = utf8 */;
CREATE TABLE `failed_jobs` (
  `id` bigint(20) unsigned NOT NULL AUTO_INCREMENT,
  `connection` text COLLATE utf8mb4_unicode_ci NOT NULL,
  `queue` text COLLATE utf8mb4_unicode_ci NOT NULL,
  `payload` longtext COLLATE utf8mb4_unicode_ci NOT NULL,
  `exception` longtext COLLATE utf8mb4_unicode_ci NOT NULL,
  `failed_at` timestamp NOT NULL DEFAULT CURRENT_TIMESTAMP,
  `queue_id` bigint(20) DEFAULT NULL,
  PRIMARY KEY (`id`)
) ENGINE=InnoDB AUTO_INCREMENT=3 DEFAULT CHARSET=utf8mb4 COLLATE=utf8mb4_unicode_ci;
/*!40101 SET character_set_client = @saved_cs_client */;

LOCK TABLES `failed_jobs` WRITE;
/*!40000 ALTER TABLE `failed_jobs` DISABLE KEYS */;
INSERT INTO `failed_jobs` VALUES (2,'database','follow1_0','{\"displayName\":\"App\\\\Jobs\\\\KillPidJob\",\"job\":\"Illuminate\\\\Queue\\\\CallQueuedHandler@call\",\"maxTries\":null,\"delay\":null,\"timeout\":null,\"timeoutAt\":null,\"data\":{\"commandName\":\"App\\\\Jobs\\\\KillPidJob\",\"command\":\"O:19:\\\"App\\\\Jobs\\\\KillPidJob\\\":8:{s:3:\\\"pid\\\";N;s:6:\\\"\\u0000*\\u0000job\\\";N;s:10:\\\"connection\\\";N;s:5:\\\"queue\\\";s:9:\\\"follow1_0\\\";s:15:\\\"chainConnection\\\";N;s:10:\\\"chainQueue\\\";N;s:5:\\\"delay\\\";O:25:\\\"Illuminate\\\\Support\\\\Carbon\\\":3:{s:4:\\\"date\\\";s:26:\\\"2020-03-14 15:45:29.534570\\\";s:13:\\\"timezone_type\\\";i:3;s:8:\\\"timezone\\\";s:10:\\\"Asia\\/Tokyo\\\";}s:7:\\\"chained\\\";a:0:{}}\"}}','Symfony\\Component\\Debug\\Exception\\FatalThrowableError: Class \'App\\Jobs\\Log\' not found in /home/vagrant/code/laravel-mysql/app/Jobs/KillPidJob.php:37\nStack trace:\n#0 /home/vagrant/code/laravel-mysql/app/Providers/MyJobProvider.php(39): App\\Jobs\\KillPidJob->handle()\n#1 [internal function]: App\\Providers\\MyJobProvider->App\\Providers\\{closure}()\n#2 /home/vagrant/code/laravel-mysql/vendor/laravel/framework/src/Illuminate/Container/Container.php(317): call_user_func()\n#3 /home/vagrant/code/laravel-mysql/vendor/laravel/framework/src/Illuminate/Container/BoundMethod.php(87): Illuminate\\Container\\Container->callMethodBinding()\n#4 /home/vagrant/code/laravel-mysql/vendor/laravel/framework/src/Illuminate/Container/BoundMethod.php(34): Illuminate\\Container\\BoundMethod::callBoundMethod()\n#5 /home/vagrant/code/laravel-mysql/vendor/laravel/framework/src/Illuminate/Container/Container.php(576): Illuminate\\Container\\BoundMethod::call()\n#6 /home/vagrant/code/laravel-mysql/vendor/laravel/framework/src/Illuminate/Bus/Dispatcher.php(95): Illuminate\\Container\\Container->call()\n#7 /home/vagrant/code/laravel-mysql/vendor/laravel/framework/src/Illuminate/Pipeline/Pipeline.php(128): Illuminate\\Bus\\Dispatcher->Illuminate\\Bus\\{closure}()\n#8 /home/vagrant/code/laravel-mysql/vendor/laravel/framework/src/Illuminate/Pipeline/Pipeline.php(104): Illuminate\\Pipeline\\Pipeline->Illuminate\\Pipeline\\{closure}()\n#9 /home/vagrant/code/laravel-mysql/vendor/laravel/framework/src/Illuminate/Bus/Dispatcher.php(99): Illuminate\\Pipeline\\Pipeline->then()\n#10 /home/vagrant/code/laravel-mysql/vendor/laravel/framework/src/Illuminate/Queue/CallQueuedHandler.php(49): Illuminate\\Bus\\Dispatcher->dispatchNow()\n#11 /home/vagrant/code/laravel-mysql/vendor/laravel/framework/src/Illuminate/Queue/Jobs/Job.php(88): Illuminate\\Queue\\CallQueuedHandler->call()\n#12 /home/vagrant/code/laravel-mysql/vendor/laravel/framework/src/Illuminate/Queue/Worker.php(337): Illuminate\\Queue\\Jobs\\Job->fire()\n#13 /home/vagrant/code/laravel-mysql/vendor/laravel/framework/src/Illuminate/Queue/Worker.php(283): Illuminate\\Queue\\Worker->process()\n#14 /home/vagrant/code/laravel-mysql/vendor/laravel/framework/src/Illuminate/Queue/Worker.php(236): Illuminate\\Queue\\Worker->runJob()\n#15 /home/vagrant/code/laravel-mysql/vendor/laravel/framework/src/Illuminate/Queue/Console/WorkCommand.php(103): Illuminate\\Queue\\Worker->runNextJob()\n#16 /home/vagrant/code/laravel-mysql/vendor/laravel/framework/src/Illuminate/Queue/Console/WorkCommand.php(87): Illuminate\\Queue\\Console\\WorkCommand->runWorker()\n#17 [internal function]: Illuminate\\Queue\\Console\\WorkCommand->handle()\n#18 /home/vagrant/code/laravel-mysql/vendor/laravel/framework/src/Illuminate/Container/BoundMethod.php(32): call_user_func_array()\n#19 /home/vagrant/code/laravel-mysql/vendor/laravel/framework/src/Illuminate/Container/BoundMethod.php(90): Illuminate\\Container\\BoundMethod::Illuminate\\Container\\{closure}()\n#20 /home/vagrant/code/laravel-mysql/vendor/laravel/framework/src/Illuminate/Container/BoundMethod.php(34): Illuminate\\Container\\BoundMethod::callBoundMethod()\n#21 /home/vagrant/code/laravel-mysql/vendor/laravel/framework/src/Illuminate/Container/Container.php(576): Illuminate\\Container\\BoundMethod::call()\n#22 /home/vagrant/code/laravel-mysql/vendor/laravel/framework/src/Illuminate/Console/Command.php(183): Illuminate\\Container\\Container->call()\n#23 /home/vagrant/code/laravel-mysql/vendor/symfony/console/Command/Command.php(255): Illuminate\\Console\\Command->execute()\n#24 /home/vagrant/code/laravel-mysql/vendor/laravel/framework/src/Illuminate/Console/Command.php(170): Symfony\\Component\\Console\\Command\\Command->run()\n#25 /home/vagrant/code/laravel-mysql/vendor/symfony/console/Application.php(1011): Illuminate\\Console\\Command->run()\n#26 /home/vagrant/code/laravel-mysql/vendor/symfony/console/Application.php(272): Symfony\\Component\\Console\\Application->doRunCommand()\n#27 /home/vagrant/code/laravel-mysql/vendor/symfony/console/Application.php(148): Symfony\\Component\\Console\\Application->doRun()\n#28 /home/vagrant/code/laravel-mysql/vendor/laravel/framework/src/Illuminate/Console/Application.php(90): Symfony\\Component\\Console\\Application->run()\n#29 /home/vagrant/code/laravel-mysql/vendor/laravel/framework/src/Illuminate/Foundation/Console/Kernel.php(133): Illuminate\\Console\\Application->run()\n#30 /home/vagrant/code/laravel-mysql/artisan(37): Illuminate\\Foundation\\Console\\Kernel->handle()\n#31 {main}','2020-03-14 15:45:40',101);
/*!40000 ALTER TABLE `failed_jobs` ENABLE KEYS */;
UNLOCK TABLES;
DROP TABLE IF EXISTS `favorite__key__patterns`;
/*!40101 SET @saved_cs_client     = @@character_set_client */;
/*!40101 SET character_set_client = utf8 */;
CREATE TABLE `favorite__key__patterns` (
  `key_pattern_id` bigint(20) unsigned NOT NULL AUTO_INCREMENT,
  `app_id` bigint(20) NOT NULL,
  `keyword` text COLLATE utf8mb4_unicode_ci NOT NULL,
  `deleted_at` timestamp NULL DEFAULT NULL,
  `created_at` timestamp NULL DEFAULT NULL,
  `updated_at` timestamp NULL DEFAULT NULL,
  PRIMARY KEY (`key_pattern_id`)
) ENGINE=InnoDB AUTO_INCREMENT=2 DEFAULT CHARSET=utf8mb4 COLLATE=utf8mb4_unicode_ci;
/*!40101 SET character_set_client = @saved_cs_client */;

LOCK TABLES `favorite__key__patterns` WRITE;
/*!40000 ALTER TABLE `favorite__key__patterns` DISABLE KEYS */;
INSERT INTO `favorite__key__patterns` VALUES (1,1,'[\n    \"{\\\"opt\\\":\\\"and\\\",\\\"txt\\\":\\\"テスト\\\"}\"\n]',NULL,'2020-03-11 23:00:20','2020-03-11 23:00:20');
/*!40000 ALTER TABLE `favorite__key__patterns` ENABLE KEYS */;
UNLOCK TABLES;
DROP TABLE IF EXISTS `jobs`;
/*!40101 SET @saved_cs_client     = @@character_set_client */;
/*!40101 SET character_set_client = utf8 */;
CREATE TABLE `jobs` (
  `id` bigint(20) unsigned NOT NULL AUTO_INCREMENT,
  `queue` varchar(191) COLLATE utf8mb4_unicode_ci NOT NULL,
  `payload` longtext COLLATE utf8mb4_unicode_ci NOT NULL,
  `attempts` tinyint(3) unsigned NOT NULL,
  `reserved_at` int(10) unsigned DEFAULT NULL,
  `available_at` int(10) unsigned NOT NULL,
  `created_at` int(10) unsigned NOT NULL,
  `restorated_at` int(10) unsigned NOT NULL,
  PRIMARY KEY (`id`),
  KEY `jobs_queue_index` (`queue`)
) ENGINE=InnoDB AUTO_INCREMENT=102 DEFAULT CHARSET=utf8mb4 COLLATE=utf8mb4_unicode_ci;
/*!40101 SET character_set_client = @saved_cs_client */;

LOCK TABLES `jobs` WRITE;
/*!40000 ALTER TABLE `jobs` DISABLE KEYS */;
INSERT INTO `jobs` VALUES (100,'default','{\"displayName\":\"App\\\\Mail\\\\AutoFuctionFinishMail\",\"job\":\"Illuminate\\\\Queue\\\\CallQueuedHandler@call\",\"maxTries\":null,\"delay\":null,\"timeout\":null,\"timeoutAt\":null,\"data\":{\"commandName\":\"Illuminate\\\\Mail\\\\SendQueuedMailable\",\"command\":\"O:34:\\\"Illuminate\\\\Mail\\\\SendQueuedMailable\\\":3:{s:8:\\\"mailable\\\";O:30:\\\"App\\\\Mail\\\\AutoFuctionFinishMail\\\":25:{s:4:\\\"user\\\";O:45:\\\"Illuminate\\\\Contracts\\\\Database\\\\ModelIdentifier\\\":4:{s:5:\\\"class\\\";s:31:\\\"Illuminate\\\\Foundation\\\\Auth\\\\User\\\";s:2:\\\"id\\\";i:1;s:9:\\\"relations\\\";a:0:{}s:10:\\\"connection\\\";s:5:\\\"mysql\\\";}s:10:\\\"tw_account\\\";O:45:\\\"Illuminate\\\\Contracts\\\\Database\\\\ModelIdentifier\\\":4:{s:5:\\\"class\\\";s:14:\\\"App\\\\Tw_Account\\\";s:2:\\\"id\\\";i:1;s:9:\\\"relations\\\";a:0:{}s:10:\\\"connection\\\";s:5:\\\"mysql\\\";}s:18:\\\"auto_function_name\\\";s:6:\\\"follow\\\";s:6:\\\"locale\\\";N;s:4:\\\"from\\\";a:0:{}s:2:\\\"to\\\";a:1:{i:0;a:2:{s:4:\\\"name\\\";N;s:7:\\\"address\\\";s:19:\\\"123windam@gmail.com\\\";}}s:2:\\\"cc\\\";a:0:{}s:3:\\\"bcc\\\";a:0:{}s:7:\\\"replyTo\\\";a:0:{}s:7:\\\"subject\\\";N;s:11:\\\"\\u0000*\\u0000markdown\\\";N;s:7:\\\"\\u0000*\\u0000html\\\";N;s:4:\\\"view\\\";N;s:8:\\\"textView\\\";N;s:8:\\\"viewData\\\";a:0:{}s:11:\\\"attachments\\\";a:0:{}s:14:\\\"rawAttachments\\\";a:0:{}s:15:\\\"diskAttachments\\\";a:0:{}s:9:\\\"callbacks\\\";a:0:{}s:10:\\\"connection\\\";N;s:5:\\\"queue\\\";N;s:15:\\\"chainConnection\\\";N;s:10:\\\"chainQueue\\\";N;s:5:\\\"delay\\\";N;s:7:\\\"chained\\\";a:0:{}}s:5:\\\"tries\\\";N;s:7:\\\"timeout\\\";N;}\"}}',0,NULL,1584168269,1584168269,1584168269);
/*!40000 ALTER TABLE `jobs` ENABLE KEYS */;
UNLOCK TABLES;
DROP TABLE IF EXISTS `key__patterns`;
/*!40101 SET @saved_cs_client     = @@character_set_client */;
/*!40101 SET character_set_client = utf8 */;
CREATE TABLE `key__patterns` (
  `key_pattern_id` bigint(20) unsigned NOT NULL AUTO_INCREMENT,
  `app_id` bigint(20) NOT NULL,
  `keyword` text COLLATE utf8mb4_unicode_ci NOT NULL,
  `deleted_at` timestamp NULL DEFAULT NULL,
  `created_at` timestamp NULL DEFAULT NULL,
  `updated_at` timestamp NULL DEFAULT NULL,
  PRIMARY KEY (`key_pattern_id`)
) ENGINE=InnoDB AUTO_INCREMENT=6 DEFAULT CHARSET=utf8mb4 COLLATE=utf8mb4_unicode_ci;
/*!40101 SET character_set_client = @saved_cs_client */;

LOCK TABLES `key__patterns` WRITE;
/*!40000 ALTER TABLE `key__patterns` DISABLE KEYS */;
INSERT INTO `key__patterns` VALUES (1,1,'[\n    \"{\\\"opt\\\":\\\"and\\\",\\\"txt\\\":\\\"テスト\\\"}\"\n]',NULL,'2020-03-11 22:56:25','2020-03-11 22:56:25'),(2,1,'[\n    \"{\\\"opt\\\":\\\"and\\\",\\\"txt\\\":\\\"コマ\\\"}\"\n]',NULL,'2020-03-12 01:17:49','2020-03-12 01:17:49'),(3,1,'[\n    \"{\\\"opt\\\":\\\"and\\\",\\\"txt\\\":\\\"アニメ\\\"}\",\n    \"{\\\"opt\\\":\\\"not\\\",\\\"txt\\\":\\\"ヲタ\\\"}\"\n]',NULL,'2020-03-12 09:05:51','2020-03-12 09:05:51'),(4,1,'[\n    \"{\\\"opt\\\":\\\"and\\\",\\\"txt\\\":\\\"子供\\\"}\"\n]',NULL,'2020-03-14 00:06:21','2020-03-14 00:06:21'),(5,1,'[\n    \"{\\\"opt\\\":\\\"and\\\",\\\"txt\\\":\\\"中心\\\"}\"\n]',NULL,'2020-03-14 12:48:19','2020-03-14 12:48:19');
/*!40000 ALTER TABLE `key__patterns` ENABLE KEYS */;
UNLOCK TABLES;
DROP TABLE IF EXISTS `migrations`;
/*!40101 SET @saved_cs_client     = @@character_set_client */;
/*!40101 SET character_set_client = utf8 */;
CREATE TABLE `migrations` (
  `id` int(10) unsigned NOT NULL AUTO_INCREMENT,
  `migration` varchar(191) COLLATE utf8mb4_unicode_ci NOT NULL,
  `batch` int(11) NOT NULL,
  PRIMARY KEY (`id`)
) ENGINE=InnoDB AUTO_INCREMENT=13 DEFAULT CHARSET=utf8mb4 COLLATE=utf8mb4_unicode_ci;
/*!40101 SET character_set_client = @saved_cs_client */;

LOCK TABLES `migrations` WRITE;
/*!40000 ALTER TABLE `migrations` DISABLE KEYS */;
INSERT INTO `migrations` VALUES (1,'2014_10_12_000000_create_users_table',1),(2,'2014_10_12_100000_create_password_resets_table',1),(3,'2020_01_13_122127_create_key__patterns_table',1),(4,'2020_01_13_122245_create_tw__auto__tweets_table',1),(5,'2020_01_13_122406_create_tw__target__accounts_table',1),(6,'2020_01_13_122449_create_tw__target__friends_table',1),(7,'2020_01_13_122550_create_tw__tweets_table',1),(8,'2020_01_15_121818_create_tw__accounts_table',1),(9,'2020_01_30_223008_create_jobs_table',1),(10,'2020_01_30_231529_create_failed_jobs_table',1),(11,'2020_02_24_111946_create_api_counters_table',1),(12,'2020_03_03_141342_create_favorite__key__patterns_table',1);
/*!40000 ALTER TABLE `migrations` ENABLE KEYS */;
UNLOCK TABLES;
DROP TABLE IF EXISTS `password_resets`;
/*!40101 SET @saved_cs_client     = @@character_set_client */;
/*!40101 SET character_set_client = utf8 */;
CREATE TABLE `password_resets` (
  `email` varchar(191) COLLATE utf8mb4_unicode_ci NOT NULL,
  `token` varchar(191) COLLATE utf8mb4_unicode_ci NOT NULL,
  `created_at` timestamp NULL DEFAULT NULL,
  KEY `password_resets_email_index` (`email`)
) ENGINE=InnoDB DEFAULT CHARSET=utf8mb4 COLLATE=utf8mb4_unicode_ci;
/*!40101 SET character_set_client = @saved_cs_client */;

LOCK TABLES `password_resets` WRITE;
/*!40000 ALTER TABLE `password_resets` DISABLE KEYS */;
/*!40000 ALTER TABLE `password_resets` ENABLE KEYS */;
UNLOCK TABLES;
DROP TABLE IF EXISTS `tw__accounts`;
/*!40101 SET @saved_cs_client     = @@character_set_client */;
/*!40101 SET character_set_client = utf8 */;
CREATE TABLE `tw__accounts` (
  `tw_account_id` bigint(20) unsigned NOT NULL AUTO_INCREMENT,
  `app_id` bigint(20) NOT NULL,
  `user_id` bigint(20) NOT NULL,
  `key_pattern_id` bigint(20) DEFAULT NULL,
  `favorite_key_pattern_id` bigint(20) DEFAULT NULL,
  `screen_name` varchar(191) COLLATE utf8mb4_unicode_ci DEFAULT NULL,
  `oauth_token` text COLLATE utf8mb4_unicode_ci,
  `oauth_token_secret` text COLLATE utf8mb4_unicode_ci,
  `profile_image_url_https` text COLLATE utf8mb4_unicode_ci,
  `name` text COLLATE utf8mb4_unicode_ci,
  `description` text COLLATE utf8mb4_unicode_ci,
  `follow` int(11) NOT NULL DEFAULT '0',
  `unfollow` int(11) NOT NULL DEFAULT '0',
  `tweet` int(11) NOT NULL DEFAULT '0',
  `favorite` int(11) NOT NULL DEFAULT '0',
  `follow_queue_id` bigint(20) DEFAULT '0',
  `unfollow_queue_id` bigint(20) DEFAULT '0',
  `favorite_queue_id` bigint(20) DEFAULT '0',
  `auto_followers_list` int(11) NOT NULL DEFAULT '0',
  `auto_users_show` int(11) NOT NULL DEFAULT '0',
  `auto_friendships_create` int(11) NOT NULL DEFAULT '0',
  `auto_friendships_lookup` int(11) NOT NULL DEFAULT '0',
  `auto_friendships_destroy` int(11) NOT NULL DEFAULT '0',
  `auto_search_tweets` int(11) NOT NULL DEFAULT '0',
  `auto_favorites_create` int(11) NOT NULL DEFAULT '0',
  `followers_list` tinyint(1) NOT NULL DEFAULT '1',
  `users_show` tinyint(1) NOT NULL DEFAULT '1',
  `friendships_create` tinyint(1) NOT NULL DEFAULT '1',
  `friendships_lookup` tinyint(1) NOT NULL DEFAULT '1',
  `friendships_destroy` tinyint(1) NOT NULL DEFAULT '1',
  `search_tweets` tinyint(1) NOT NULL DEFAULT '1',
  `favorites_create` tinyint(1) NOT NULL DEFAULT '1',
  `followers_list_counter` bigint(20) DEFAULT NULL,
  `users_show_counter` bigint(20) DEFAULT NULL,
  `friendships_create_counter` bigint(20) DEFAULT NULL,
  `friendships_lookup_counter` bigint(20) DEFAULT NULL,
  `friendships_destroy_counter` bigint(20) DEFAULT NULL,
  `search_tweets_counter` bigint(20) DEFAULT NULL,
  `favorites_create_counter` bigint(20) DEFAULT NULL,
  `suspended` tinyint(1) NOT NULL DEFAULT '0',
  `queue_name` varchar(191) COLLATE utf8mb4_unicode_ci DEFAULT NULL,
  `unfollow_flag` tinyint(1) NOT NULL DEFAULT '0',
  `created_at` timestamp NULL DEFAULT NULL,
  `updated_at` timestamp NULL DEFAULT NULL,
  `deleted_at` timestamp NULL DEFAULT NULL,
  PRIMARY KEY (`tw_account_id`)
) ENGINE=InnoDB AUTO_INCREMENT=3 DEFAULT CHARSET=utf8mb4 COLLATE=utf8mb4_unicode_ci;
/*!40101 SET character_set_client = @saved_cs_client */;

LOCK TABLES `tw__accounts` WRITE;
/*!40000 ALTER TABLE `tw__accounts` DISABLE KEYS */;
INSERT INTO `tw__accounts` VALUES (1,1,1053251462803779584,5,1,'TyrantAaa','1053251462803779584-eo1YvxgskM0zGCuuFT3vIimi5g99qs','dzSdCCWxNogd1Zl4FB9Wi9GVh0OeTwil9XuPuYfgeuJx8','https://abs.twimg.com/sticky/default_profile_images/default_profile_normal.png','tyrant_aaA','',0,0,0,0,NULL,0,0,0,0,0,0,0,0,0,1,1,1,1,1,1,1,2,1,3,4,5,6,7,0,'1_0',0,'2020-03-11 21:58:42','2020-03-14 15:44:29',NULL),(2,1,1100224725152743424,NULL,NULL,'kotarobayashi','1100224725152743424-6xRpxMbgZUgvNCADoL9kTpJ4XS6qnA','See4JW6aNVaL7l4vvJJ3EAUmxpc4zXXovCugzPL5pxmGW','https://pbs.twimg.com/profile_images/1161767372912336897/l1jeDcN0_normal.jpg','こたろ','「大人の青春」所属。基本はJava。独学→ちょっとSES→コーダー。CSS設計、UML、セキュリティが好み。タイで仕事してたから、また行きタイ。性格はINFJかINFP',0,0,0,0,0,0,0,0,0,0,0,0,0,0,1,1,1,1,1,1,1,10,9,11,12,13,14,15,0,'1_1',0,'2020-03-14 12:20:23','2020-03-14 12:20:23',NULL);
/*!40000 ALTER TABLE `tw__accounts` ENABLE KEYS */;
UNLOCK TABLES;
DROP TABLE IF EXISTS `tw__auto__tweets`;
/*!40101 SET @saved_cs_client     = @@character_set_client */;
/*!40101 SET character_set_client = utf8 */;
CREATE TABLE `tw__auto__tweets` (
  `id` bigint(20) unsigned NOT NULL AUTO_INCREMENT,
  `posted` tinyint(1) DEFAULT '0',
  `tweet_status` int(11) DEFAULT '0',
  `tweet_timing` datetime DEFAULT NULL,
  `tw_account_id` bigint(20) NOT NULL,
  `queue_id` bigint(20) DEFAULT NULL,
  `detail` text COLLATE utf8mb4_unicode_ci,
  `tags` text COLLATE utf8mb4_unicode_ci,
  `deleted_at` timestamp NULL DEFAULT NULL,
  `created_at` timestamp NULL DEFAULT NULL,
  `updated_at` timestamp NULL DEFAULT NULL,
  PRIMARY KEY (`id`)
) ENGINE=InnoDB AUTO_INCREMENT=10 DEFAULT CHARSET=utf8mb4 COLLATE=utf8mb4_unicode_ci;
/*!40101 SET character_set_client = @saved_cs_client */;

LOCK TABLES `tw__auto__tweets` WRITE;
/*!40000 ALTER TABLE `tw__auto__tweets` DISABLE KEYS */;
INSERT INTO `tw__auto__tweets` VALUES (5,0,0,NULL,1,NULL,'ddd',NULL,NULL,'2020-03-11 23:08:17','2020-03-11 23:08:17'),(6,0,0,NULL,1,NULL,'dd','[\n    \"a\"\n]',NULL,'2020-03-11 23:08:43','2020-03-11 23:08:43'),(8,0,2,NULL,1,65,'saki',NULL,NULL,'2020-03-12 00:37:15','2020-03-12 08:54:54'),(9,0,0,NULL,1,31,'ato',NULL,NULL,'2020-03-12 00:37:26','2020-03-12 01:08:48');
/*!40000 ALTER TABLE `tw__auto__tweets` ENABLE KEYS */;
UNLOCK TABLES;
DROP TABLE IF EXISTS `tw__target__accounts`;
/*!40101 SET @saved_cs_client     = @@character_set_client */;
/*!40101 SET character_set_client = utf8 */;
CREATE TABLE `tw__target__accounts` (
  `target_account_id` bigint(20) unsigned NOT NULL AUTO_INCREMENT,
  `target_account_user_id` bigint(20) NOT NULL,
  `name` text COLLATE utf8mb4_unicode_ci NOT NULL,
  `screen_name` text COLLATE utf8mb4_unicode_ci NOT NULL,
  `followers_count` bigint(20) NOT NULL,
  `friends_count` bigint(20) NOT NULL,
  `description` text COLLATE utf8mb4_unicode_ci NOT NULL,
  `profile_image_url_https` text COLLATE utf8mb4_unicode_ci NOT NULL,
  `app_id` bigint(20) NOT NULL,
  `deleted_at` timestamp NULL DEFAULT NULL,
  `created_at` timestamp NULL DEFAULT NULL,
  `updated_at` timestamp NULL DEFAULT NULL,
  PRIMARY KEY (`target_account_id`)
) ENGINE=InnoDB AUTO_INCREMENT=6 DEFAULT CHARSET=utf8mb4 COLLATE=utf8mb4_unicode_ci;
/*!40101 SET character_set_client = @saved_cs_client */;

LOCK TABLES `tw__target__accounts` WRITE;
/*!40000 ALTER TABLE `tw__target__accounts` DISABLE KEYS */;
INSERT INTO `tw__target__accounts` VALUES (1,1228110434135207936,'しゅんたろー@テックエキスパート68期','shun_fute',125,61,'自分の発信がプログラミング初学者の手助けになれば幸いです?！半年前までオーストラリアで豚骨ラーメン屋の店長をしていました。帰国後、全く違う畑のエンジニアを目指してTECH::EXPERT(68期)にて勉強中?‍?！！','https://pbs.twimg.com/profile_images/1229798158420439041/bNQM2Knd_normal.jpg',1,NULL,'2020-03-11 22:56:58','2020-03-11 22:56:58');
/*!40000 ALTER TABLE `tw__target__accounts` ENABLE KEYS */;
UNLOCK TABLES;
DROP TABLE IF EXISTS `tw__target__friends`;
/*!40101 SET @saved_cs_client     = @@character_set_client */;
/*!40101 SET character_set_client = utf8 */;
CREATE TABLE `tw__target__friends` (
  `target_friend_id` bigint(20) unsigned NOT NULL AUTO_INCREMENT,
  `target_friend_user_id` bigint(20) NOT NULL,
  `name` text COLLATE utf8mb4_unicode_ci NOT NULL,
  `screen_name` text COLLATE utf8mb4_unicode_ci NOT NULL,
  `followers_count` bigint(20) NOT NULL,
  `friends_count` bigint(20) NOT NULL,
  `description` text COLLATE utf8mb4_unicode_ci NOT NULL,
  `profile_image_url_https` text COLLATE utf8mb4_unicode_ci NOT NULL,
  `app_id` bigint(20) NOT NULL,
  `target_account_id` bigint(20) NOT NULL,
  `key_pattern_id` bigint(20) DEFAULT NULL,
  `tw_account_id` bigint(20) DEFAULT NULL,
  `follow_at` datetime DEFAULT NULL,
  `followed_at` datetime DEFAULT NULL,
  `last_tw_at` datetime DEFAULT NULL,
  `deleted_at` timestamp NULL DEFAULT NULL,
  `created_at` timestamp NULL DEFAULT NULL,
  `updated_at` timestamp NULL DEFAULT NULL,
  PRIMARY KEY (`target_friend_id`)
) ENGINE=InnoDB AUTO_INCREMENT=306 DEFAULT CHARSET=utf8mb4 COLLATE=utf8mb4_unicode_ci;
/*!40101 SET character_set_client = @saved_cs_client */;

LOCK TABLES `tw__target__friends` WRITE;
/*!40000 ALTER TABLE `tw__target__friends` DISABLE KEYS */;
INSERT INTO `tw__target__friends` VALUES (1,1112253340954443776,'フレッシュマンSR','freshman_sr',47,135,'1996年生まれです。19卒ですが新卒を逃し既卒になった発達障害者。\n就労移行支援を使い、ITエンジニアに就職して人生逆転を目指しています。趣味はアニメ、ゲーム。\nニッチな内容中心のブログも運営しています。','https://pbs.twimg.com/profile_images/1212176187264360448/yczsbCrv_normal.jpg',1,1,3,1,'2020-03-12 09:12:14',NULL,NULL,NULL,'2020-03-12 09:07:11','2020-03-12 09:12:14'),(2,1206013510565515265,'snskOgata','snskOgata',142,237,'#駆け出しエンジニア TECH::EXPERT短期68期12/23~ プログラミング再学習中 Ruby/Rails/React/Java/swift 大学では強化学習や逆強化学習だったり 記憶や脳科学、英語学習(TOEIC905)、健康問題についても興味あり！映画やアニメも?意識高い系ニート','https://pbs.twimg.com/profile_images/1236211171826384896/GlpSgRuC_normal.jpg',1,1,3,1,'2020-03-12 09:16:16',NULL,NULL,NULL,'2020-03-12 09:08:12','2020-03-12 09:16:16'),(3,1185855774532067329,'yamamotoshun','shun_print',164,181,'摺師 / 浮世絵 木版画 Woodblock Printer Printmaker / 都鳥 摺り / MIYAKODORI Reiwa ukiyo-e shin Hanga // 摺りのこと・竹のこと・バレンのこと・レーザー木版のこと・先人摺師のこと // 浮世絵の勉強と称してアニメのこと','https://pbs.twimg.com/profile_images/1210440271185375237/dLq_EeMk_normal.jpg',1,2,3,1,'2020-03-12 18:52:25',NULL,NULL,NULL,'2020-03-12 14:54:54','2020-03-12 18:52:25'),(4,882974266957758465,'栞','siori_sugar',217,660,'好物はアニメ・書籍全般。\n長男3歳・次男4ヶ月。\n雑多、時々メモとして使用\nフォローリムその他もろもろご自由に。\n(Twitterアカウントこれだけです)','https://pbs.twimg.com/profile_images/976365341772148736/5hnCIKQj_normal.jpg',1,2,3,1,'2020-03-12 19:18:29',NULL,NULL,NULL,'2020-03-12 14:54:54','2020-03-12 19:18:29'),(5,312394090,'太田出版 ＰＲ','OHTABOOKS_PR',3606,2920,'1985年設立の出版社、太田出版公式アカウントです。『たけしくん、ハイ』『バトル・ロワイアル』『永遠の0』『ライチ☆光クラブ』『志乃ちゃんは自分の名前が言えない』『全裸監督』『宮本から君へ』ほか、アニメ化・実写化された話題書を続々送りだしています。 隔月刊行誌：『クイック・ジャパン』『CONTINUE』『ケトル』','https://pbs.twimg.com/profile_images/876722329148997632/wjGuUWsT_normal.jpg',1,2,3,1,'2020-03-12 19:47:20',NULL,NULL,NULL,'2020-03-12 15:43:00','2020-03-12 19:47:20'),(6,1193861240314982401,'ひびきん','J24Pt7oElEicWB9',1201,1719,'アニメ、特撮オタです。無言フォローすいません。フォロバ100%‼️ #アニメ #仮面ライダー #プリキュア #斉木楠雄のΨ難 #ワンピース','https://pbs.twimg.com/profile_images/1193861715353456640/gBCyte4w_normal.jpg',1,4,3,1,'2020-03-12 20:01:27',NULL,NULL,NULL,'2020-03-12 19:52:14','2020-03-12 20:01:27'),(7,1112545269994840066,'SN_アガイン @にしもんの宣伝屋 フォロバ100%','sn_again',558,908,'ゲーム➡️パズドラ/モンスト/FGO/フォトナ/白プロ/ぷにぷになどやってます‼️アニメ➡️SAO/このすば/五等分などが好きです❗️気軽に絡んでください。出会い垢以外は、フォロー返します❗️よろしくお願いします❗️Star/Nightクラン所属','https://pbs.twimg.com/profile_images/1197098088671801344/KcAYNJ1s_normal.jpg',1,4,3,1,'2020-03-12 20:28:40',NULL,NULL,NULL,'2020-03-12 19:52:14','2020-03-12 20:28:40'),(8,933598717831102465,'アニオタのレオ フォロバ100%フォローして欲しい','VkibT3ceg0CL7UR',4449,4880,'好きなアニメ、エロマンガ先生、ごとよめ、ごちうさなど、私の1番弟子→@4n6ILzPMSx4tR0K 特に好きなフォロワー↓→「@umechan1231」「@itigotyan151515」「@pochi_nano_」「@Comugiko_1229」「@A9BlEi8y3zK2z9v」','https://pbs.twimg.com/profile_images/1225528864815886341/qSt3ZOLJ_normal.jpg',1,4,3,1,'2020-03-12 20:32:42',NULL,NULL,NULL,'2020-03-12 19:52:14','2020-03-12 20:32:42'),(9,1142017175219163137,'Ria＠ガチャ運無し#フォロバ100','Ria_kokoro_',3718,4995,'アニメ・ゲーム・メイン垢！????推し/実姉＠kyone__LoveLive/#りあうね/姉＠ayachisa_miku/夫@shiro_kokoro_/兄@sheep0666/執事＠SALT0511/メイド＠Ruka110510ワイの愚痴垢@Ria37258889','https://pbs.twimg.com/profile_images/1235455870663720960/HdKs4nTr_normal.jpg',1,4,3,1,'2020-03-12 20:36:44',NULL,NULL,NULL,'2020-03-12 19:52:14','2020-03-12 20:36:44'),(10,1219155034702659585,'おつけ','otukemono99999',2638,2753,'#ペテルギウス同盟 エムゼロの繁栄を心から願う信者 おつけと呼んで 雑多垢 フォロバは100 #アニメ好きと繋がりたい #エンジニアと繋がりたい #スロット好きと繋がりたい #絵描きさんと繋がりたい #FE風花雪月 #FEH #AAA #ブロガーさんと繋がりたい #可愛いものが好き プロフはどう見ても詐欺垢','https://pbs.twimg.com/profile_images/1223993966762184704/aDj4pT0g_normal.jpg',1,4,3,1,'2020-03-12 20:40:47',NULL,NULL,NULL,'2020-03-12 19:52:14','2020-03-12 20:40:47'),(11,1157894888521781249,'すぺありぶ','rioru20180428',1068,1114,'アニメ ゲーム ポケモン が好きです。イラスト描き始めました※絵柄は安定しません 趣味で描ける範囲の依頼募集中/フォロバ100%  /僕は男ですので変態は帰ってください。','https://pbs.twimg.com/profile_images/1229783121265954816/EbERavKn_normal.jpg',1,4,3,1,'2020-03-12 20:44:49',NULL,NULL,NULL,'2020-03-12 19:52:14','2020-03-12 20:44:49'),(12,1049659235305496577,'なぎさ','mqoglggygzml',148,1266,'ムサシの幼稚園➮早小➮早中1年/女バス:フォワード/大食い/お菓子LOVE/アニメ&ボカロ好き/ラブライブ.黒バス.ソードアート・オンライン','https://pbs.twimg.com/profile_images/1052356011808370688/OsJclpir_normal.jpg',1,4,3,1,'2020-03-12 20:48:53',NULL,NULL,NULL,'2020-03-12 19:53:17','2020-03-12 20:48:53'),(13,1172432636385447936,'はしPoké R改','Pok19183041',2679,2596,'以前のアカウントが凍結されてしまいました、、、絵を描きます！アニメ好きです！車好きです！\"頭文字D\"好きです！ポケモン好きです！#絵描き #アニメ好き #車好き #頭文字D #ポケモン #バンドリ #デレマス #フォロバ100','https://pbs.twimg.com/profile_images/1226840171171074050/lGQAUmDk_normal.jpg',1,4,3,1,'2020-03-12 20:52:55',NULL,NULL,NULL,'2020-03-12 19:53:17','2020-03-12 20:52:55'),(14,1138626165692755968,'もちニズム?','motimoti0308',6079,5971,'初めまして！こころん推しのもちです！アニメと音ゲーが好きです！太鼓は白十段ウニはMax?.29   13以上全S↑13+全99万↑など持ってます！\nリア友@ryuji_no_aka \n変な垢以外全員フォロー　自由気ままにツイートしてまーす\nチュウニズム【ＥＮＣＯＵＮＴＥＲ】所属！(全国2位のやべぇやつ)','https://pbs.twimg.com/profile_images/1221380709526294528/pWNpsUHR_normal.jpg',1,4,3,1,'2020-03-12 20:56:57',NULL,NULL,NULL,'2020-03-12 19:53:17','2020-03-12 20:56:57'),(15,1171744219070775296,'?いーぜに?気軽に話しかけてね✨','iizeni1102xd',2144,2150,'Charlotte、Angel Beats、SAO、五等分の花嫁等　サブ垢【@iizeni_sab】      アニメ垢は #フォロバ100 です！！     アニメとボカロガチ勢    【究極のホモ@Robster16950】Orangestarガチ勢','https://pbs.twimg.com/profile_images/1236237301874749440/QKXrXOyH_normal.jpg',1,4,3,1,'2020-03-12 21:01:00',NULL,NULL,NULL,'2020-03-12 19:53:17','2020-03-12 21:01:00'),(16,777788317005787138,'プナの木','ha10ru25',247,339,'高校2年・テニス部・乃木坂・欅坂など・アニメ鑑賞とか今は鬼滅の刃にハマってます！ ・荒野行動もやっています！wまぁだいたいみんなが知ってるゲームとかです！気軽にフォローなどよろしくです〜！ゲームとかです繋がりたいですねw','https://pbs.twimg.com/profile_images/1188378489520455680/f11iJDgc_normal.jpg',1,4,3,1,'2020-03-12 21:05:02',NULL,NULL,NULL,'2020-03-12 19:54:19','2020-03-12 21:05:02'),(17,1074308787295514624,'さむいも','pXbyvfatnNpqj9l',5166,5392,'フォトナ.エクバ2 .bo4.codmw.ペルソナ.スマブラ .アニメ.映画.漫画←←好きなもの?‍♀️?‍♀️?‍♀️気になる人無言フォロー失礼します? 相互喜びます?‍♂️?‍♂️フォロバ100！抜けてたら教えて下さい。#自動フォロバ #フォロバ100 #相互フォロー','https://pbs.twimg.com/profile_images/1221107106633306112/ld6iT1SZ_normal.jpg',1,4,3,1,'2020-03-12 21:09:04',NULL,NULL,NULL,'2020-03-12 19:54:19','2020-03-12 21:09:04'),(18,1156796315424022528,'パラプロン(パプリカ)','GdPkfmHAZLAnl2o',11263,11981,'#フォロバ100％#アニメ好きと繋がりたい　#絵描きさんと繋がりたい　フォロー外されたらリムります。北住みの学生です(中３)趣味は絵を描くことです。(絵の投稿頻度は少ないです…)ゲーム色々やってます！アニメ好きな人や絵を描くの好きな人是非フォローしてほしいです！','https://pbs.twimg.com/profile_images/1190901052037566464/EmqNO2It_normal.jpg',1,4,3,1,'2020-03-12 21:13:06',NULL,NULL,NULL,'2020-03-12 19:54:19','2020-03-12 21:13:06'),(19,1155126533247270913,'アニメ、作る','akogarenoanime',983,999,'色々なアニメを試してみています。\n手書きの絵に自信のない私として、\n・コマ撮りアニメ\n・Blender\n・パワポ\n・Google Earth Studio\nなどを使ってみています。\n\n色々な人の色々なものを見させてもらい試行錯誤中です。\n勝手なフォローやリツイート、お許しください。','https://pbs.twimg.com/profile_images/1155138662075531266/ugTpKnjr_normal.jpg',1,4,3,1,'2020-03-12 21:17:08',NULL,NULL,NULL,'2020-03-12 19:54:19','2020-03-12 21:17:08'),(20,1166678023078207493,'たま?学校休みでニート化','Tama_Claws',3807,3921,'毎日思ったことをツイートしてる、アニメ、ゲーム好きの高校生です。絡んでくれたら嬉しいです。通知オンで絡みに来てくれる人優先で絡めるように頑張ります','https://pbs.twimg.com/profile_images/1233990633490014209/221_gFtk_normal.jpg',1,4,3,1,'2020-03-12 21:21:10',NULL,NULL,NULL,'2020-03-12 19:54:19','2020-03-12 21:21:10'),(21,1438107121,'映画野郎 ドラマ野郎','koinobori112',115,199,'映画　ドラマ　アニメ　bokete　乃木坂　AKB　～お酒とタバコのない世界～','https://pbs.twimg.com/profile_images/1093159077788545025/Q_ia0rsL_normal.jpg',1,4,3,1,'2020-03-12 21:25:13',NULL,NULL,NULL,'2020-03-12 19:54:19','2020-03-12 21:25:13'),(22,797443202286436352,'桜月姫@Charlotte激推し@友利奈緒激推し','sirumeruAKA',11480,11398,'甘えん坊さんは固ツイみなさい♀です大切な人 ▶️@aiai_nyokinyoki好きな人▶️【@Aira_animes】親友【@arisasakawayu01】最愛【@sinonon_yukinya】（@Haruto54311557）5 等分五月推し！ リプすべて返せるかわかりません⚠️アニメ垢ではないですエロツイあり','https://pbs.twimg.com/profile_images/1214411253583450112/AhOaM3vR_normal.jpg',1,4,3,1,'2020-03-12 21:29:15',NULL,NULL,NULL,'2020-03-12 19:54:19','2020-03-12 21:29:15'),(23,1100745147359195136,'ユキ@エビ天教教祖 エビ天型ツンデレ','Yuki_ebiten',1828,2281,'アニメ・漫画・ラノベ・ゲームが好きです。／サブ垢→@Yuki26ebiten／サブ垢はフォローしてくれてもフォロバはしないかもです、僕が絡みたいと思った人をフォローします。本垢はフォロバ99%だよ〜／受験終わったのでふっかーつ！','https://pbs.twimg.com/profile_images/1163148701642051585/FgUa1Fy1_normal.jpg',1,4,3,1,'2020-03-12 21:33:17',NULL,NULL,NULL,'2020-03-12 19:55:21','2020-03-12 21:33:17'),(24,1111833116606238722,'ne-no','ne_no0212',5769,6086,'なろう小説の朗読アニメ作品を制作していきます⭐️Youtube、ニコニコ等で投稿予定?よかったらフォローお願い致します?フォロバ99％','https://pbs.twimg.com/profile_images/1146860944577794048/3gBGDql9_normal.png',1,4,3,1,'2020-03-12 21:37:19',NULL,NULL,NULL,'2020-03-12 19:55:21','2020-03-12 21:37:19'),(25,1155137624320835584,'かずっちゃん','7ZE3lUlrqHWRk2e',322,740,'無言フォロー失礼します? いいね?とリツイートありがとうございます☺️すみませんが基本DMは見ません。ちなみに男性です。ツイートは雑多?漫画、アニメ、特撮、ゲーム、乃木坂、欅坂、日向坂、ドラマ、推理小説、自己啓発、真面目な話からサブカルまで…（たまになんちゃって模写のイラスト描きます）','https://pbs.twimg.com/profile_images/1167981626665472001/muzqysU6_normal.jpg',1,4,3,1,'2020-03-12 21:45:07',NULL,NULL,NULL,'2020-03-12 19:55:21','2020-03-12 21:45:07'),(26,1132186429956608000,'ルナ ?','runa777anime',12308,12197,'相互フォロー募集?【RT垢➡@runa77777777 】アニメ初心者です♪よろしくお願いします！?アイコン＆ヘッダー現在自作?【2020年冬アニメ】▶レールガン3期、ダーウィンズゲーム、防御極め振り?【昔のアニメコーナー】▶ボーボボ⏩相互フォロー確認整理週末します??DMはいたしません??','https://pbs.twimg.com/profile_images/1135946690232373248/wSkPmW8N_normal.jpg',1,4,3,1,'2020-03-12 22:28:10',NULL,NULL,NULL,'2020-03-12 19:55:21','2020-03-12 22:28:10'),(27,1128961681244037125,'文月香乃(ピンク依存症気味)','Fuzuki_Kano',8440,8414,'DM基本的に見ません(見る時は見ます。そして返します)基本的にアニメ好きです。一応バンドリーマー『@Kobako_Roselia同志』『@kotone_anime_27親友・ペアヘッダー』『@reu_tan_res_red相方』『@KTS17919ゆるキャン△仲間』@slowstart100←サブ','https://pbs.twimg.com/profile_images/1235407196508139520/orN9jVPv_normal.jpg',1,4,3,1,'2020-03-12 22:37:03',NULL,NULL,NULL,'2020-03-12 19:55:21','2020-03-12 22:37:03'),(28,1145588588177788929,'のじっちさぶ','nojitv',1563,2152,'?橋本環奈とかアニメ全般好きです！ #青ブタ #かぐや様 #天気の子 #聲の形 #冴えカノ フォロバ100% いいね?返す！ リムらないでね笑 サブ垢@nojitv2 YouTubeやってます！','https://pbs.twimg.com/profile_images/1145588770130911232/AEcJqib6_normal.jpg',1,4,3,1,'2020-03-12 22:41:23',NULL,NULL,NULL,'2020-03-12 19:55:21','2020-03-12 22:41:23'),(29,817122625,'☃️?彩華/Iroha?☃️','kagepuro2049',18163,17045,'いろはです!!『バンドリ/メモデフ/アリブレ/FGO』《好きなアニメ》『Fate/SAO/鬼滅の刃/ヒロアカ』《好きな歌手》『ASCA/May\'n/LiSA/藍井エイル』 推しはこころん『フォローくれたら必ず返します!!』フォロバ99%（変な垢以外）声優目指してます!!','https://pbs.twimg.com/profile_images/1228018451681136640/wARV5CXu_normal.jpg',1,4,3,1,'2020-03-12 22:45:37',NULL,NULL,NULL,'2020-03-12 19:55:21','2020-03-12 22:45:37'),(30,1154914100587061249,'⁂YUN⁂','YUN87237987',104,113,'アニメとゲームが大好きなリーマンです！? シンフォギア今一番はまってます❤️#シンフォギア #東方 #東方 #アニメ #相互フォロー #フォロバ100','https://pbs.twimg.com/profile_images/1154914425150664704/t4Lp_6nV_normal.jpg',1,4,3,1,'2020-03-12 22:49:40',NULL,NULL,NULL,'2020-03-12 19:55:21','2020-03-12 22:49:40'),(31,2919545412,'かりん★沢山の人を癒し隊?','hasshin5',15585,13498,'仕事、毒親でうつ発症、ここ数年ほぼ人間辞めていました。やっと目標ができ、平成最後の年から令和にかけて、やりたい事やしなければいけない事が目白押し。そして、Twitter界の楽しさも知りました。仲良くしてください。＃Twitterでの挨拶#御朱印集め#カラオケ＃アニメ#おしゃれ','https://pbs.twimg.com/profile_images/1208910505584148480/oKynM4nd_normal.jpg',1,4,3,1,'2020-03-12 22:53:41',NULL,NULL,NULL,'2020-03-12 19:55:21','2020-03-12 22:53:41'),(32,1070689956140437504,'ふぇるみ','d34428034',215,366,'アニメ好き学生/SAO/青ブタ/魔法科/君嘘/氷菓/Fate/転スラ/はねバド/よう実etc学園恋愛モノや異世界ものをよく見ます！よろしくー','https://pbs.twimg.com/profile_images/1148248424073945090/_yis57Tu_normal.jpg',1,4,3,1,'2020-03-12 23:30:31',NULL,NULL,NULL,'2020-03-12 19:56:23','2020-03-12 23:30:31'),(33,937148855786749952,'?バンドリ・坂道⁴⁶・懸賞・フォロバ??','metaruman77',35387,35473,'?バンドリマー、ガルパ、ラブライバー?◢͟￨⁴⁶坂道◢͟￨⁴⁶箱推し?坂道垢、アニメ、ゲーム垢フォロバ???無言フォローすいません。?リツイート多め?懸賞?癒し動画?鉄道ファン?雑多垢','https://pbs.twimg.com/profile_images/1205871114078998530/ZZ0VGNRJ_normal.jpg',1,4,3,1,'2020-03-13 00:25:15',NULL,NULL,NULL,'2020-03-12 19:56:23','2020-03-13 00:25:15'),(34,2887918963,'アニメまとめNEWS','animeanime324',361,407,'懐かしのアニメ、ロングセラーアニメ、人気アニメの情報を公開中！ テレビでは観れない場面も多数！楽しんで観てくださ〜い❤️アニメ好きの方100%フォロバします?','https://pbs.twimg.com/profile_images/1144597122517331968/9eLA1D9Z_normal.jpg',1,4,3,1,'2020-03-13 07:12:18',NULL,NULL,NULL,'2020-03-12 19:56:23','2020-03-13 07:12:18'),(35,1226391867203489792,'かかお＠アニメ','greenhilljanek',836,1323,'アニメ大好き人間です！ 色んなアニメ見てます✨ たくさんの人達と仲良くなれたらなと思います♪ 気軽にリプ又はDMくださいませ♪ フォローは相互お願いします 無言フォロー失礼致しますm(__)m','https://pbs.twimg.com/profile_images/1227128484063043584/OzYGKE0l_normal.png',1,5,3,1,'2020-03-13 07:28:46',NULL,NULL,NULL,'2020-03-13 07:13:21','2020-03-13 07:28:46'),(36,1220510096884502528,'ゆう治郎','p2LjotctWu1EmAR',1130,1043,'見てお分かりの通りレムたん推しです！他にも好きなキャラ、アニメもあります！少しでも気になったら気軽にリプしてみて!!タメ口で(*\'-\')b OK!沢山の人と絡みたい！気軽にフォローして！フォロバ100% 親友→@umechan1231 恋人→@0_6_Vir 従兄→@usjusj0914 兄→@harucci02_47','https://pbs.twimg.com/profile_images/1220903967384752130/ibypHAwr_normal.jpg',1,5,3,1,'2020-03-13 07:32:48',NULL,NULL,NULL,'2020-03-13 07:13:21','2020-03-13 07:32:48'),(37,1170346616139550722,'よっしー(ゲーム、趣味垢)','eP9nDejN9ns6Ozv',226,288,'もうすぐ高校生、アニメとカラオケ大好き、ゲームはブロスタ、クラロワ、fgo、メモデフ、クラロワ最多?6004、ポケカラやってます、#フォロバ100、どうかよろしくお願いします。ノーゲームノーライフ/ハナヤマタ/私に天使が舞い降りた!/ゆるキャン/変態王子と笑わない猫/けいおん/まどマギ/よう実/五等分の花嫁/リゼロ','https://pbs.twimg.com/profile_images/1237314070035881985/7hnagDFv_normal.jpg',1,5,3,1,'2020-03-13 07:36:50',NULL,NULL,NULL,'2020-03-13 07:13:21','2020-03-13 07:36:50'),(38,1237537310855450624,'@er_ge_/アニメ垢','hagei12',252,286,'【フォロバ100%!!】いいねリツイート見てみなさんのおすすめのアニメを見ていきたいです✊?✨    フォローお願いします!!!','https://pbs.twimg.com/profile_images/1237547974177067009/ZeD7VNb4_normal.jpg',1,5,3,1,'2020-03-13 07:40:53',NULL,NULL,NULL,'2020-03-13 07:13:21','2020-03-13 07:40:53'),(39,1219894667929473024,'五等分の花嫁大好き','r4adM0LtSVMkkmv',1199,1250,'五等分の花嫁が大好きです！ 一花、二乃、三玖推しです！フォローよろしくお願いします！フォロバ100%です！！！ 他に好きなアニメや漫画→→→ニセコイ、ジュリエット、彼女お借りします などなど #とも達隊 #アマツ教 アイコン製作者→@AUCd5m3ISE54z4F','https://pbs.twimg.com/profile_images/1221773675235405824/Vzaa8YsG_normal.jpg',1,5,3,1,'2020-03-13 07:44:55',NULL,NULL,NULL,'2020-03-13 07:13:21','2020-03-13 07:44:55'),(40,1190589449362534400,'にふーる','Kirisam88288223',1360,1181,'映画やアニメをよく観ます！！ Fate、リゼロ、冴えカノ、五等分の花嫁、鬼滅の刃などです ！                                                                無言フォロー失礼します！','https://pbs.twimg.com/profile_images/1230614889879740416/vYqCi77b_normal.jpg',1,5,3,1,'2020-03-13 07:48:57',NULL,NULL,NULL,'2020-03-13 07:13:21','2020-03-13 07:48:57'),(41,1231031524520120320,'専務@いのりまち?','KR76636139',756,864,'アニメ垢はフォロバ100%✨️/アニメ?（ごちうさ?、ラブライブ?、五等分の花嫁?など多数）と車?と自転車??‍♂️が好きです 。/声優さん?（水瀬いのりさん?、竹達彩奈さん?など）も好きです。/相撲観戦?も好きです。/卓球?と囲碁⚫⚪も打てます。/おっさんじゃないです。信じてください。','https://pbs.twimg.com/profile_images/1231538480330596352/Wtzwcrr7_normal.jpg',1,5,3,1,'2020-03-13 07:53:00',NULL,NULL,NULL,'2020-03-13 07:13:21','2020-03-13 07:53:00'),(42,1225375258242191360,'園子。@アニメ垢 フォロバ100%オムライスが大好きです。','sonokoko410',389,530,'基本アニメ大好きだよぉwゲームも結構やってますw特にバンドリ！とゆゆゆいですw 主に、鬼滅の刃/炎炎ノ消防隊/まどかマギカ/ 結城友奈は勇者である/ハイキュー/僕のヒーローアカデミア/五等分の花嫁/リゼロ/SAO/かぐや様は告らせたい/22/7/などなど、ほかのアニメも好きです笑笑 アニメ好きさん是非とも繋がりましょ！','https://pbs.twimg.com/profile_images/1237592896414470144/aMj_UBEg_normal.jpg',1,5,3,1,'2020-03-13 07:57:03',NULL,NULL,NULL,'2020-03-13 07:13:21','2020-03-13 07:57:03'),(43,1170824627519516672,'?由比ヶ浜?','0IlpbgP1iRFnxUb',1634,1757,'アニ垢始めました！フォロバ100%!! (もしフォローされてないという方いたらDMまで秒でフォローします ) 俺ガイル/髭を剃るそして女子高生を拾うなどのアニメ、ラノベ大好きです。https://t.co/9epMQBz3rW','https://pbs.twimg.com/profile_images/1181112564438061056/E9HyDDiX_normal.jpg',1,5,3,1,'2020-03-13 08:01:05',NULL,NULL,NULL,'2020-03-13 07:13:21','2020-03-13 08:01:05'),(44,1219621587986481158,'ゆうご(よう実青ブタ大好きごとよめ)','GZF18l5uI1ekcDd',1101,1132,'アニメ垢/よう実が大好きな高校生/無言フォロー失礼します/基本的にフォロバ100%です/\n軽音楽部(キーボード)/どんどん絡んで下さい!!/固ツイのいいね、RTお願いします‼️','https://pbs.twimg.com/profile_images/1219625020491730944/9HdW1u8E_normal.jpg',1,5,3,1,'2020-03-13 08:05:07',NULL,NULL,NULL,'2020-03-13 07:13:21','2020-03-13 08:05:07'),(45,1211064127398924288,'えるドラ△/ElDora-β＠フォロバ100','ElDoraNoHito',811,737,'東京喰種/エヴァンゲリオン/GANTZ/甲鉄城のカバネリ/鬼滅の刃/七つの大罪/SAO/Fate/幼女戦記/ダーウィンズゲーム/プランダラ/etc…などなどが好きな人です!! #フォロバ100 #アニメ好きと繋がりたい #ゲーム好きと繋がりたい 既読感覚でいいねください!!','https://pbs.twimg.com/profile_images/1237660566895775744/_YtxMueN_normal.jpg',1,5,3,1,'2020-03-13 08:09:09',NULL,NULL,NULL,'2020-03-13 07:13:21','2020-03-13 08:09:09'),(46,1179380937550782464,'?抹茶?@ゲームwithお絵描き垢','sodamattya0102',3451,3784,'自称進学校の高校1年\nゲーム報告、日常垢です！\n無言フォロー失礼します（つ≧∇≦)\n??               アニメ好きは100%フォロバします? \n#アニメ好きと繋がりたい\n#お絵描きさんと繋がりたい\n#拡散希望\n#いいねした人全員フォローする','https://pbs.twimg.com/profile_images/1230081792213827584/6qFoq9Bj_normal.jpg',1,5,3,1,'2020-03-13 08:13:12',NULL,NULL,NULL,'2020-03-13 07:13:21','2020-03-13 08:13:12'),(47,1061597138746990593,'エナジー.D.リンク','D12096709',1979,2061,'#漫画 #アニメ #声優 クールジャパン文化をこよなく愛す #オタク です? 深夜のアニメ鑑賞がとにかく癒し?漫画?アニメ?声優さん?の趣味があう方はジャンジャン「フォロー」させていただきます‼️ONEPIECE、キングダム、ARIA、ジョジョ、銀牙、鋼の錬金術師、Fate、セキレイ、バンブーブレイド、等','https://pbs.twimg.com/profile_images/1171553948617936896/J8KTK1nU_normal.jpg',1,5,3,1,'2020-03-13 08:17:14',NULL,NULL,NULL,'2020-03-13 07:13:21','2020-03-13 08:17:14'),(48,1216722696207122433,'ごーどん♛︎二乃?ᵃⁿᵈいのりん推し?','Goodon_55nino',1341,1749,'絡みたい人はDMｸﾀﾞｼｬｲ。アニメ大好きです！！声優は水瀬いのりさんが好きです?ゲームたくさんやってます！基本フォロバ1000％リア友→@EaglePD2 @B02791667自発フォロー多いです?‍♀️#五等分の花嫁 #中野二乃 #いのりん #アニメ好きと絡みたい','https://pbs.twimg.com/profile_images/1229795933300199425/XX_kWJrq_normal.jpg',1,5,3,1,'2020-03-13 11:23:19',NULL,NULL,NULL,'2020-03-13 07:13:21','2020-03-13 11:23:19'),(49,1221802054487691264,'ﾂｷ☽°.*アニメ垢','NLa5WkP86VkzWi9',383,498,'アニメ垢はじめました！他にも呟くかも\nリゼロ/5等分の花嫁/このすば/鬼滅の刃/かぐや様/エロマンガ先生/政リベ/ひなこのーと/うまるちゃん/ニセコイ/ラブライブ/七つの大罪/ジュリエット/オタ恋/とらドラ/Charlotte/ダンまち\n無言フォロー失礼します?\nhttps://t.co/j6YEzKvjdh','https://pbs.twimg.com/profile_images/1232230539777568769/1UCb9eXv_normal.jpg',1,5,3,1,'2020-03-13 15:01:25',NULL,NULL,NULL,'2020-03-13 07:13:21','2020-03-13 15:01:25'),(50,1233710169449615362,'てる【バンドリ】','arkpopcorn',394,593,'アニメ垢作りました???\nまだまだ初心者です?仲良くしてくれたら喜びます?フォロバされてない人は言ってください?☺️全力でします\nかぐや様は告らせたいが一番お気に入り～','https://pbs.twimg.com/profile_images/1237376899543789568/L-Bq9Ljx_normal.jpg',1,5,3,1,'2020-03-13 15:28:45',NULL,NULL,NULL,'2020-03-13 07:13:21','2020-03-13 15:28:45'),(51,1237258623002112000,'ゆうちゃん@?','jDueLs8g59tsRUf',243,492,'あーや推し♡ アニメ、ボカロ ゲーム無言フォロー失礼します。#アニメ垢 #フォロバ100','https://pbs.twimg.com/profile_images/1237258840443215872/hko__ZGk_normal.jpg',1,5,3,1,'2020-03-13 16:05:11',NULL,NULL,NULL,'2020-03-13 07:13:21','2020-03-13 16:05:11'),(52,909530159467786240,'SECO【本物】','MeviusSECO',1008,2124,'ゲームとアニメは神だ！\nLiSAさん最高!!\nフォロバします！\n荒野行動メインでゲームしてます！\nちゅき♥⇒いざよいちふ @Sera_izayoiMe','https://pbs.twimg.com/profile_images/1229077802177032192/X0QzZeq__normal.jpg',1,5,3,1,'2020-03-13 16:27:33',NULL,NULL,NULL,'2020-03-13 07:13:21','2020-03-13 16:27:33'),(53,1224313849899175937,'趣味太郎','ftnVXKooPh2gfHv',43,55,'通りすがりの仮面ライダーファンだ覚えておけ！アニメや、仮面ライダーが好きなやつですよければ絡んでください','https://pbs.twimg.com/profile_images/1229372592718409729/Y56yi3yC_normal.jpg',1,5,3,1,'2020-03-13 16:50:04',NULL,NULL,NULL,'2020-03-13 07:13:21','2020-03-13 16:50:04'),(54,939441900804759552,'メルセデス','sun4_d',5284,5807,'生きているうちよりもアニメを通して大事な事を教わった事の方が多いように思える 面白いアニメ作品気軽に教えてください 無言フォローする場合もあるけどお願いします フォローもどんどんお願いします 絡みを多くしていきたいです！フォロバ99%','https://pbs.twimg.com/profile_images/1165622040671313920/e7L1XQfV_normal.jpg',1,5,3,1,'2020-03-13 19:01:50',NULL,NULL,NULL,'2020-03-13 07:13:21','2020-03-13 19:01:50'),(55,1117432160967745536,'takaien','takaien',6481,6460,'ブログもやってます。SHISHAMO、モッピー、アニメ中心です。好きなアニメはリゼロ、物語シリーズ、まどマギなど。フォロバ100%継続中です。','https://pbs.twimg.com/profile_images/1184098047459880960/ZC09mGmP_normal.jpg',1,5,3,1,'2020-03-13 19:22:43',NULL,NULL,NULL,'2020-03-13 07:13:21','2020-03-13 19:22:43'),(56,761085814512037888,'あるま【冬コミ12/28,29】','AnimAl_52',10051,9902,'27／アニメ・ゲーム関連会社経営／その他複数社／ラノベ執筆中(現状非公開)／アニメ好きと繋がりたい／アニメ→ #SAO #ギルクラ #リゼロ #GATE #エヴァーガーデン #オーバーロード #転スラ ゲーム→ #PUBG #荒野 歌→ #アニソン #ボカロ コミケ8/10,11参戦！8/31マジカルミライ2019参戦','https://pbs.twimg.com/profile_images/1237172717394124800/x2oViND-_normal.jpg',1,5,3,1,'2020-03-13 20:13:38',NULL,NULL,NULL,'2020-03-13 07:13:21','2020-03-13 20:13:38'),(57,1098101107765665792,'ゼクショー@低浮上、にわかアニメ垢、秘密結社ツイアニ連合軍副団長','Xexiow57',2867,3958,'不定期でアニメキャラの摸写やってます。\n戦闘系好き超絶にわかアニオタ。世界一の童貞。アベマTV勢。\nバンドリの推しは有咲、花音、蘭。\n嫁はエミリアです。団長→@taiga_kono\n\nFate SAO オバロ このすば リゼロ けいおん よりもい 東京喰種 かぐや様 進撃五等分 まどマギ バンドリ\n\n絶賛質問募集中↓','https://pbs.twimg.com/profile_images/1235768539149144065/Kqk7AsSf_normal.jpg',1,5,3,1,'2020-03-13 20:17:40',NULL,NULL,NULL,'2020-03-13 07:13:21','2020-03-13 20:17:40'),(58,3004266362,'ごんちゃ@フォロバ100%','neterukun_suya',4459,4531,'暇人JDの雑多垢。笑 アニメ結構みるかも笑　クズの本懐好きだな〜?　誰でも絡んでほしいな?　いっぱいいいねとRTくれたらうれしい！','https://pbs.twimg.com/profile_images/1223766598772613120/FZHIYx1h_normal.jpg',1,5,3,1,'2020-03-13 20:21:43',NULL,NULL,NULL,'2020-03-13 07:13:21','2020-03-13 20:21:43'),(59,923561074607104000,'忘らるる都','key_eureka',14482,14642,'|ω･,,`)⸝✩︎⡱イラスト/アニメ/ゲーム/猫?#フォロバ99(リムバ100)?リゼロ SAO ハガレン 境界の彼方 聲の形 エウレカ 鬼滅の刃 Fate 君嘘 ゆるキャン 氷菓 GRIDMAN このすば ユーフォ 凪あす グリムガル?FF DQ ゼノギアス?icon/しょうたさん(@shoutank14)','https://pbs.twimg.com/profile_images/1231403690721828865/iKOHYvF-_normal.jpg',1,5,3,1,'2020-03-13 20:36:06',NULL,NULL,NULL,'2020-03-13 07:13:21','2020-03-13 20:36:06'),(60,1123540599058026496,'あっすん','_asp3',249,375,'引きこもりになりたい本当は❕ #アニメ好きな人と繋がりたい アニメ垢じゃんほぼこれ、インスタはこれ↓ 固ツイラブリツしてくれるとありがたいです❗️すき??','https://pbs.twimg.com/profile_images/1237345300550828033/c1BwuvHP_normal.jpg',1,5,3,1,'2020-03-13 20:40:08',NULL,NULL,NULL,'2020-03-13 07:13:21','2020-03-13 20:40:08'),(61,1130465952615751681,'夕影の暇つぶし','yukage_hima',6466,6264,'異世界転生などライトノベル系、アニメ全般大好き。動画編集、ＡＩスピーカーによるスマートホーム化、ベース演奏、堤防釣り等で暇をつぶすのが好き(*\'ω\'*) 好きな音楽は欧州系メタルが全般的に好き、邦楽だとBAND-MAIDが最近のお気に入り(*^-^*)　エロ、ビジネス垢以外フォロバ９８％、無言フォロー大歓迎(^^)/','https://pbs.twimg.com/profile_images/1201408787547975680/5OM7baoO_normal.jpg',1,5,3,1,'2020-03-13 20:44:11',NULL,NULL,NULL,'2020-03-13 07:13:21','2020-03-13 20:44:11'),(62,1236661832972029952,'ゆうだい⏩いいねポチポチマン☝️','yudaianime',477,488,'一つでも同じアニメ好きだったらみんなフォローしてね！！アニメ垢はフォロバ120%?⏩五等分の花嫁/リゼロ/俺ガイル/青ブタ/SAO/このすば/ぼく勉/エロマンガ先生/寄宿学校のジュリエット/はがないetc⏩いいね、RTポチポチする⏩たくさん絡んでほしい！⏩普段は普通のサラリーマン?','https://pbs.twimg.com/profile_images/1236663490292502529/wLysEOww_normal.jpg',1,5,3,1,'2020-03-13 20:48:14',NULL,NULL,NULL,'2020-03-13 07:13:21','2020-03-13 20:48:14'),(63,1236925202895794176,'じょーかー 【アニメ垢】','Cyclone79129806',290,326,'こちらではアニメとか漫画について語っていきます。好きなアニメは日常、五等分の花嫁、ごちうさ、このすば、ジョジョ、うまるちゃんetc... フォローしてくれた人は1000.....いや10000%フォロバします！いいねした人全員フォローは終了しました。本垢の特撮垢 Jokerもよろしくね。','https://pbs.twimg.com/profile_images/1236925553577349120/jQgEYOVl_normal.jpg',1,5,3,1,'2020-03-13 20:52:16',NULL,NULL,NULL,'2020-03-13 07:13:21','2020-03-13 20:52:16'),(64,1235395275876794369,'玲','rei_2396',366,374,'お絵描き専用のアカ作りました！(ほぼアニメの模写) 投稿頻度少ないと思われます。フォロバ確実です リクエスト大歓迎です?','https://pbs.twimg.com/profile_images/1235564234693472259/ZMUrIe9g_normal.jpg',1,5,3,1,'2020-03-13 20:56:19',NULL,NULL,NULL,'2020-03-13 07:13:21','2020-03-13 20:56:19'),(65,1111227904795381760,'あめじす?雑多な趣味猫','Amethys_cat',999,1121,'アニメとゲームと小説とvtuberを栄養に日々の仕事頑張るマン\nけも絵すこすこ','https://pbs.twimg.com/profile_images/1198165492143288321/PpPs1BSz_normal.jpg',1,5,3,1,'2020-03-13 21:00:22',NULL,NULL,NULL,'2020-03-13 07:13:21','2020-03-13 21:00:22'),(66,1237003011064393728,'よるは♨️アニメ＆ゲーム垢','yoruyoru910',368,219,'アニメとゲームが好きな高1男子です！ツイートは沢山する時もあるかもしれないし全然しない時もあるかもです(´･_･`)アニメ好きやゲーム好きな人と沢山話したいですすすす！日向坂とFantasticYouthも好き?','https://pbs.twimg.com/profile_images/1237004663230087168/2KJ09fSS_normal.jpg',1,5,3,1,'2020-03-13 21:04:24',NULL,NULL,NULL,'2020-03-13 07:13:21','2020-03-13 21:04:24'),(67,1234330748544376834,'??“はるまき“??','haruma_225',439,505,'高１男子/一応アニメ垢/姉ちゃん?«@ayaka00714»/妹?«@rinne_shiba01»?«@Shigur_FUYUZORA»/ 彼女?«@Soutin_00»/ #ガルパ #荒野行動 #FGO etc/ﾎﾞﾑｩ(｢?･ω･)｢?教信者','https://pbs.twimg.com/profile_images/1237434104318025728/ajsc7ME0_normal.jpg',1,5,3,1,'2020-03-13 21:08:27',NULL,NULL,NULL,'2020-03-13 07:13:21','2020-03-13 21:08:27'),(68,1225997507081035777,'こおり','Ori12___k0',334,357,'アニメとか漫画とかお絵描きとか好きです。気軽にリプどうぞ?フォロバします〜無言フォローすみません！','https://pbs.twimg.com/profile_images/1231111783273779200/K9UdjpBt_normal.jpg',1,5,3,1,'2020-03-13 21:12:29',NULL,NULL,NULL,'2020-03-13 07:13:21','2020-03-13 21:12:29'),(69,1154795993629511685,'色芭','riku_iroha',1287,1420,'アニメ好きです〜\nかぐや様は告らせたい\nSAO   青ブタ    リゼロ\n五等分の花嫁   このすば\nなどなど見てま〜す\nフォロバ100%です！！！\nフォローよろしくお願いします！','https://pbs.twimg.com/profile_images/1218810039269347328/ekYo7KoU_normal.jpg',1,5,3,1,'2020-03-13 21:16:31',NULL,NULL,NULL,'2020-03-13 07:13:21','2020-03-13 21:16:31'),(70,1235963232411516928,'?むすく?@五等分の花嫁好き','Musuku5N5Y',370,405,'「五等分の花嫁｣にどハマリしてしまった五等分の花嫁にどハマりしてます！特に二乃・四葉推しです?タメ口⭕? 五等分の花嫁好きな人、アニメ好きな人フォローお願いします！フォロバ100%します(怪しい垢はしません❌）無言フォロー失礼します?ヘッダー→@2A64DsvjXTf4nNk アイコン→@AMATSU2435','https://pbs.twimg.com/profile_images/1237520720000741376/zoOFXFUn_normal.jpg',1,5,3,1,'2020-03-13 21:20:33',NULL,NULL,NULL,'2020-03-13 07:13:21','2020-03-13 21:20:33'),(71,1236643798190452736,'げんまい♂','5n4lUX9dpr4NikY',300,375,'アニメとゲーム基本ジャンル関係なく好き！ 結構たくさん観たりプレイしたりしてるけど面白いのはどんどん教えて欲しいです！ 無言フォローとかするかも知れないですっ！フォロバはします DM歓迎しまーすなんでも話そー！','https://pbs.twimg.com/profile_images/1236765674921267200/8NkDdqn8_normal.jpg',1,5,3,1,'2020-03-13 21:24:36',NULL,NULL,NULL,'2020-03-13 07:13:21','2020-03-13 21:24:36'),(72,1236652928129064967,'リュウ@アニメ垢','Rrrrrrrrrrr97',649,753,'男子高校生1年 フォロバ99%です。無言フォローすみませんm(*_ _)m DM⭕️/#アニメ好きと繋がりたい /#俺ガイル/#リゼロ/#冴えカノ/#SAO/#青ブタ などなど 気軽に絡みましょ〜','https://pbs.twimg.com/profile_images/1236664673438556160/r1-1kysA_normal.jpg',1,5,3,1,'2020-03-13 21:28:38',NULL,NULL,NULL,'2020-03-13 07:13:21','2020-03-13 21:28:38'),(73,1237001750873169921,'ぬこぽよ','nukopoyo_1217',122,111,'趣味垢/成人男性/アニメ ゲーム/たくさんお話できる友達がほしい','https://pbs.twimg.com/profile_images/1237003538330337281/A0ltdVBd_normal.jpg',1,5,3,1,'2020-03-13 21:32:41',NULL,NULL,NULL,'2020-03-13 07:13:21','2020-03-13 21:32:41'),(74,1017628669349539840,'神浄討魔@アニメ垢フォロバ100%','R1jiPT7tYin01qb',3286,4614,'電撃文庫作品やkey作品、型月、ジャンプなどが好きです！アニメだけでなくラノベや漫画もよく読む。リゼロ、ハルヒ、とある、ダンまち、ラブライブ、このすば、ポケモン、バンドリ、コードギアスなどなど。アニメ垢フォロバ100パーセント！DMどんどんください！今期の推し、もちろんとある！','https://pbs.twimg.com/profile_images/1037242202278092800/aLVNH_V0_normal.jpg',1,5,3,1,'2020-03-13 21:36:43',NULL,NULL,NULL,'2020-03-13 07:13:21','2020-03-13 21:36:43'),(75,1142415419145252864,'?蒼葉/四葉推し?最近低浮上','Aoba428RAMUDA',4998,4953,'アニメとゲームの好きの普通の高校生だよー五等分の花嫁の四葉推し。自由気ままに呟いていきます。気軽に絡んでください?返信遅れます? リムるの絶対やめてください！！ フォロー忘れがあるのでその際は言ってください。','https://pbs.twimg.com/profile_images/1157985730548776966/ebS_oDOa_normal.jpg',1,5,3,1,'2020-03-13 21:40:45',NULL,NULL,NULL,'2020-03-13 07:13:21','2020-03-13 21:40:45'),(76,4147058054,'海に還るもの','TodoGirl0000',1237,1236,'アニメ、漫画、ゲームなどが大好きです‼︎ V系のバンドが好きで、少しバンドやってました。楽器はギターとベースとピアノが弾けます。 二次元が大好きな方は是非、気軽にフォローお願いします (*´ω｀*)','https://pbs.twimg.com/profile_images/803245258414772224/HV4xCp3l_normal.jpg',1,5,3,1,'2020-03-13 21:44:48',NULL,NULL,NULL,'2020-03-13 07:13:21','2020-03-13 21:44:48'),(77,1201766145369395200,'ニッシー (異形1/42)','nisshi521hikari',2617,2609,'ゲーム・アニメが大好きです！！主にパズドラ(ランク920↑)、ポケモン(USUM最高レート1750↑)といったゲームをやっています。アニメは色んなものを見てます。ゲーム・アニメ好きは基本フォロバ(怪しい垢を除く)。無言フォロー失礼します。 ⭐️ポケモンのヒカリが大好き！','https://pbs.twimg.com/profile_images/1230485413376081920/txMpQu73_normal.jpg',1,5,3,1,'2020-03-13 21:48:50',NULL,NULL,NULL,'2020-03-13 07:13:21','2020-03-13 21:48:50'),(78,1212185609323700224,'ナベ吉','qsoQ2YFyyoj5UhJ',408,452,'アニメ、漫画が好きな大学生で、好きなキャラの誕生日を祝っていきます！！バンドリやってます！気軽にフォローしてくださいね！無言フォロー失礼します #アニメ好きと繋がりたい#バンドリ#バンドリーマーさんと繋がりたい','https://pbs.twimg.com/profile_images/1212722006308708352/u1jcXOpk_normal.jpg',1,5,3,1,'2020-03-13 21:52:52',NULL,NULL,NULL,'2020-03-13 07:14:22','2020-03-13 21:52:52'),(79,2942300383,'みこ@フォロバ100%','Miko_niko_and',4037,4667,'19歳の暇人フリーター。笑 大阪の女子校卒だよ?‍♀️【フォローしてくれたらフォロー返します?】アニメ/鬼滅の刃/ヒロアカ/クズの本懐/七つの大罪/ワンピース?','https://pbs.twimg.com/profile_images/1220683732362727426/VUTUPHoZ_normal.jpg',1,5,3,1,'2020-03-13 21:56:55',NULL,NULL,NULL,'2020-03-13 07:14:22','2020-03-13 21:56:55'),(80,1198092973092638721,'シド@特撮&アニメ垢 #凛fam【オリジン済み】','BLACKKIN_201911',2214,2576,'前垢(@BLACKKIN_201509)しばらくこのアカウントでツイートしていきます⁽⁽ଘ( ˊᵕˋ )ଓ⁾⁾\n仮面ライダー/アニメが大好き垢 趣味が合う人フォロバ100% 気軽にフォローしてくださいね(≧▽≦) 無言フォローをお許しください? #特撮好きと繋がりたい #アニメ好きと繋がりたい #凛fam??','https://pbs.twimg.com/profile_images/1227006876090425345/WhMxWCSD_normal.jpg',1,5,3,1,'2020-03-13 22:00:57',NULL,NULL,NULL,'2020-03-13 07:14:22','2020-03-13 22:00:57'),(81,1055398505601150976,'チョボ（受験終わったため高浮上）','chobo_chooo',4711,4662,'アニメ、漫画大好きです！?2019からの新人オタクです！！のんびりやるのでよろしくお願いします(*´︶`*)    ゲームはシージAPEXしてます    フォロバはアニメ垢や気分で！    仲良い人は〇っちとかあだ名で呼ぶ！    絡んでぇぇぇぇぇぇ@risutaato1208←親友\n@syusyu_1019←夫？！','https://pbs.twimg.com/profile_images/1203652794399350784/s4__I-B6_normal.jpg',1,5,3,1,'2020-03-13 22:04:59',NULL,NULL,NULL,'2020-03-13 07:14:22','2020-03-13 22:04:59'),(82,174196065,'しゅうちゃん','DOA6honoka',2065,2886,'ソ一ドア一トオンラインに、キラッとプリチャン/アイカツ/プリキュアなど、アニメは複数大好きです！格ゲーDOA6/スト5/春麗 さくら/ほのか/基本アニメキャラ非公式botしか絡みません！','https://pbs.twimg.com/profile_images/1160160277775601666/BzgHa0cW_normal.jpg',1,5,3,1,'2020-03-13 22:09:01',NULL,NULL,NULL,'2020-03-13 07:14:22','2020-03-13 22:09:01'),(83,1115559266033651714,'✘Zero?✘','zero_0_anime',4057,4589,'アニメ垢/君嘘、ごとよめ、このすば ,etc./かをり椿姉弟子アクアカズめぐ早坂愛三玖推しっ❗️/#三玖ファンクラブ第11支部 No.449/#いろは親衛隊 No.33/バンドリ/ #フォロバ100%‼️(アニメ垢のみ)/沢山絡も！/@yuefarando_ru←友達/音楽も好き','https://pbs.twimg.com/profile_images/1219158469820829697/qbCZ4Bci_normal.jpg',1,5,3,1,'2020-03-13 22:13:04',NULL,NULL,NULL,'2020-03-13 07:14:22','2020-03-13 22:13:04'),(84,1018652838388326401,'torein1000(トレセン)','torein1001',2089,2925,'通常運転/鉄道/鉄道模型/湾岸ミッドナイト/アニメ(ゆるキャン△&艦これ(時雨)が好きな人です使用撮影機材Nikon D3400 フォロバ100%YouTubeの方もよろしくお願いします','https://pbs.twimg.com/profile_images/1221075445564628992/KDDfA3QQ_normal.jpg',1,5,3,1,'2020-03-13 22:17:07',NULL,NULL,NULL,'2020-03-13 07:14:22','2020-03-13 22:17:07'),(85,1196225464789897216,'じゅにち?ふぁいあどれいくのしもべ?','jyunnicch',1789,2241,'#にじさんじ ドーラ様推し（ガチ恋）竜友です(⋈◍＞◡＜◍)。✧♡\nハマっているモノ：Vtuber配信。美少女フィギュア沼 (○´―`)ゞ \n猫好き（同居中）アニメ好き⇒アニメ垢様、100％フォロバします(✿╹◡╹)ﾉ☆','https://pbs.twimg.com/profile_images/1202425284298887169/2C04qUO3_normal.jpg',1,5,3,1,'2020-03-13 22:21:09',NULL,NULL,NULL,'2020-03-13 07:14:22','2020-03-13 22:21:09'),(86,1227992509114019840,'我妻','CoolingCarly',260,541,'アニメ・ゲーム・漫画など好きです☺︎❤︎⃜ フォロバ100％ お友達募集中なので気になる人ふぁぼして回ってます','https://pbs.twimg.com/profile_images/1228611015652212737/w6OrYt22_normal.jpg',1,5,3,1,'2020-03-13 22:25:11',NULL,NULL,NULL,'2020-03-13 07:14:22','2020-03-13 22:25:11'),(87,1225401517231886336,'ジン','8kiLG2UnwZSAZvo',303,505,'フォロー垢 (恋垢ぎみ)無言フォローすみません、色んな人と繋がりたい アニメ漫画大好き「特にラブライブ初期」 ドラマ 映画は恋愛物が好き 音楽は洋楽｢最近はAvril Lavigne｣って色々手を出しすぎ…(笑) フォロバ率100% 気軽にフォロー、メッセージ下さい  最近spoonを始めました@lr8p8j3q','https://pbs.twimg.com/profile_images/1225401633787371520/L_HOd-Qg_normal.jpg',1,5,3,1,'2020-03-13 22:29:13',NULL,NULL,NULL,'2020-03-13 07:14:22','2020-03-13 22:29:13'),(88,1206955670894870528,'コマ','m6R6xJ7WzySQkUV',1279,1587,'アニメが好きなのでアニメ好きな人と絡みたいです！基本タメ！寄宿、五等花、リゼロ、このすば、転スラ、僕勉、俺ガイル、などなど色んなアニメが好きです！アニメ垢は90%フォロバします！ヨロシク！！高2(男)','https://pbs.twimg.com/profile_images/1206956096365064192/cS-I1MKZ_normal.jpg',1,5,3,1,'2020-03-13 22:33:15',NULL,NULL,NULL,'2020-03-13 07:14:22','2020-03-13 22:33:15'),(89,946433274036940800,'りゅうと閻魔大王@通りすがりのオタク','gatha09ehero',4928,5240,'アニメと特撮好きな変人(笑)オタクだ。特に女子キャラはポニテツンデレ好き。中には違うキャラもいるが察してくれ!? #新二乃ファンククラブNo12 #うさ民 #ごちうさ塾  #ごと嫁盛り上げ隊第1支部 ちなみにモンストやバンドリとメモデフ、プリコネとかやってりゅ！実は小説も書いてますから是非是非！','https://pbs.twimg.com/profile_images/1235169480747053057/bJ2aqUbD_normal.jpg',1,5,3,1,'2020-03-13 22:37:17',NULL,NULL,NULL,'2020-03-13 07:14:22','2020-03-13 22:37:17'),(90,701535163566526464,'中島 正詞（ナカジマ マサシ）','034kics',8854,7235,'モットーは「趣味に生きる！」 ・ 風景や鉄道、食べ物とアニメのワンシーン…そして、時々可愛い動物を撮影するアマチュアフォトグラファーです！ 撮りたいものを撮り、載せたいものを載せる… フリースタイルな投稿をして行きます！ ・ 1986年10月23日生まれ 夢は気ままに旅する放浪者','https://pbs.twimg.com/profile_images/1233524106047447044/OC5jLEwU_normal.jpg',1,5,3,1,'2020-03-13 22:41:20',NULL,NULL,NULL,'2020-03-13 07:14:22','2020-03-13 22:41:20'),(91,883104727843520512,'貧乏人','Qq0mR2XtgEPC8th',2461,2722,'ゲームアニメ大好き フォロバ100% fgo.オーバーウォッチ、シュタゲ、5等分の花嫁、ダンロン、鬼滅の刃、とにかくいろいろ アニメの感想やら日常の体験やら呟きます','https://pbs.twimg.com/profile_images/1225720789523001344/Un4a1g7w_normal.jpg',1,5,3,1,'2020-03-13 22:45:22',NULL,NULL,NULL,'2020-03-13 07:14:22','2020-03-13 22:45:22'),(92,1226034827004006402,'カリナ','tdk43mEWq9QmLcx',791,1006,'アニメ好き友達を作りたい！ 気軽にDMください?アニメ好きな学生です!一緒にイベントとか行きたい?誰でもwelcome ！LINE◯','https://pbs.twimg.com/profile_images/1226035017534472192/L958dPkY_normal.jpg',1,5,3,1,'2020-03-13 22:49:25',NULL,NULL,NULL,'2020-03-13 07:14:22','2020-03-13 22:49:25'),(93,1227198001401061376,'AoR§二乃㌨','QOaTCguF9rUfE7y',1195,1465,'アニメが好きな?中3です！！/アニソン好き/ゲーム好き?/アニメ垢フォロバ100％/無言フォロー失礼/オススメのアニメあったら教えてください/ガルパしてます/気軽にDMください/暇人ですw/荒野してます名前→ AoR§二乃㌨','https://pbs.twimg.com/profile_images/1227200704327999489/X-ZHBzjH_normal.jpg',1,5,3,1,'2020-03-13 22:53:27',NULL,NULL,NULL,'2020-03-13 07:14:22','2020-03-13 22:53:27'),(94,3093747589,'ペんぎん','qni_me',1978,1945,'アニメ好きです！無言フォロー失礼しますm(_ _)m アニメ垢の方はフォロバ100%です！フォロバ漏れがありましたら固定ツイートまでお願いします。アニメ、ゲーム、なろう、カクヨム、好きな方は気軽にフォローしてください','https://pbs.twimg.com/profile_images/1228948067665104896/YOfRw4Qt_normal.jpg',1,5,3,1,'2020-03-13 22:57:29',NULL,NULL,NULL,'2020-03-13 07:14:22','2020-03-13 22:57:29'),(95,1224692718888112128,'とめぇいとぉ@アニメ好き??','tometo_anime',468,584,'ただのアニメ好きです！ サマポケは神ゲー どんどん絡んで欲しいのと、タメ口okですー おすすめのアニメとかあったら教えて欲しい！ あと、色々な人と色々なアニメについて語りたい！ ゲームはcodm、ガルパ、デレステ等々やってます！ Vtuberにハマり中 最&高の友！→@zero2130R','https://pbs.twimg.com/profile_images/1227097169405984768/n0ORw5_o_normal.jpg',1,5,3,1,'2020-03-13 23:01:32',NULL,NULL,NULL,'2020-03-13 07:14:22','2020-03-13 23:01:32'),(96,1227164898821468160,'アニメ垢','G0XbuAdeRiDIQHv',1412,1705,'アニメ・ラノベ・漫画好きです！フォロバ100','https://pbs.twimg.com/profile_images/1232249220947513344/XiGxOb_Q_normal.jpg',1,5,3,1,'2020-03-13 23:05:35',NULL,NULL,NULL,'2020-03-13 07:14:22','2020-03-13 23:05:35'),(97,1223580587807539202,'雨宮 蓮@LiSAッ子[シノン推しの会No,103]','JOKER39549951',2997,4382,'中3/男/山梨県出身/LiSA/バンドリーマー/あだ名はレンレンです！好きなアニメ→高木さん、SAO、ニセコイ、中二恋、リゼロ、五等分 、そして、鬼滅の刃‼️ect… LiSA「紅蓮華」その他アニソン聴きます！！フォロバ(相互)1兆%なので、気軽に話してくれると嬉しいです！','https://pbs.twimg.com/profile_images/1235654845874372610/spR4q137_normal.jpg',1,5,3,1,'2020-03-13 23:09:37',NULL,NULL,NULL,'2020-03-13 07:14:22','2020-03-13 23:09:37'),(98,1218717952070967296,'ゆきな@1年間語尾に「にゃん」縛り?','yukinadayo0707',988,989,'ラノベ、アニメが大好きの中学生です!!!??*【ｴﾛ垢以外フォロバ100、リムバ100%】☕リヴァイ愛しすぎてやばい奴です☕\n?二乃ちゃん?❄エミリア❄?ベアトリス??ひまりん?好き、専属先⇒【@lemu13061733】\n21/03/07迄','https://pbs.twimg.com/profile_images/1237283697868455936/923p9C06_normal.jpg',1,5,3,1,'2020-03-13 23:13:39',NULL,NULL,NULL,'2020-03-13 07:14:22','2020-03-13 23:13:39'),(99,2237648119,'れんこんステーキ@ヲタ趣味垢','Motoriki157',3213,3844,'アニオタ垢/趣味の合う人はフォロバします/アニソンオーディオ/日常系・厨二系・不思議系アニメが好きです','https://pbs.twimg.com/profile_images/1208020580928110592/Pw09o05c_normal.jpg',1,5,3,1,'2020-03-13 23:17:42',NULL,NULL,NULL,'2020-03-13 07:14:22','2020-03-13 23:17:42'),(100,1225004524646977536,'ふぅりん','furin_531',868,883,'アニメ、漫画が好きです タメおけ！気軽に絡んで? RT off推奨?‍♂️変な垢以外フォロバ100%！無言フォローごめんなさい?‍♂️ ゲームはガルパ、パズドラ、第五人格、なら分かる！ ゲームの話も是非！日常ツイ多め アイコン自作 実はアイコン描いたり出来ます?','https://pbs.twimg.com/profile_images/1236875597202124801/MN8bPPwY_normal.jpg',1,5,3,1,'2020-03-13 23:21:45',NULL,NULL,NULL,'2020-03-13 07:14:22','2020-03-13 23:21:45'),(101,1188442167489859584,'けいご。#アニメ垢','keigodesu_anime',2517,2406,'アニメ垢！アニメ・漫画・ラノベ好きの高1/アニメ好きと繋がりたい?アニメ垢はフォロー返すよ〜気軽に絡みに来てね！(≧∀≦)タメ語でいいよ〜?なんでも見るけど特にラブコメが好き！1番の推し作品は「恋と嘘」/漫画は全てコミックス勢なのでネタバレせんといてや！w','https://pbs.twimg.com/profile_images/1209117186737889281/h2FHRIm2_normal.jpg',1,5,3,1,'2020-03-13 23:25:48',NULL,NULL,NULL,'2020-03-13 07:14:22','2020-03-13 23:25:48'),(102,1168846297983414273,'ひゅら','1rne3SSuq5bJ3Vx',335,350,'アニメ好きです?Twitter初心者なのでよろしくお願いします!!フォロバ99%します。アニメは幅広く見ています！誰か絡んでーーーー?#アニメ好きと繋がりたい#バンドリーマー','https://pbs.twimg.com/profile_images/1226883382023376898/ApJyxcKV_normal.jpg',1,5,3,1,'2020-03-13 23:29:50',NULL,NULL,NULL,'2020-03-13 07:14:22','2020-03-13 23:29:50'),(103,1140107333265063936,'☆こはる? ⋆*★【風神?雷神⚡️教信者No.2】','Koharu0yuuki',1907,1922,'アニメやなんでも全般大好きな人はみんな友達だよ！！いまはあんまり友達いないけどたくさん友達つくりたいな！！！フォローしてくれたらフォローするのでじゃんじゃんきてくださいな！！でも、フォローしなくなるのは悲しいから途中でフォロー辞めるつもりのある人はフォローしないでね よろしくねV','https://pbs.twimg.com/profile_images/1234422590912880640/4ZHlTClt_normal.jpg',1,5,3,1,'2020-03-13 23:33:53',NULL,NULL,NULL,'2020-03-13 07:14:22','2020-03-13 23:33:53'),(104,1184954760371171329,'おとあ【打引組会長】','Otoa_Nino_ed',2272,2390,'#非リア連合 会員NO.39 非リア連合空軍No.3 【打引組会長でござる】【風神?雷神⚡教信者No.6】アニメ好きなもやし【ずっと絡んでくれる人フォロバ】 無言フォローごめんなさい。お世話になってる鬼さん@kakusan_suiki フォロバ漏れがあったらDMへ！怪しい垢はフォロバ✕','https://pbs.twimg.com/profile_images/1235936470185078786/ti_i1bZ0_normal.jpg',1,5,3,1,'2020-03-13 23:37:55',NULL,NULL,NULL,'2020-03-13 07:14:22','2020-03-13 23:37:55'),(105,1194193110919548929,'?せっちー＠μ\'sは神様','setti_muse',2306,2552,'性別→男 ?アニメ大好き！色々見てます?特にラブライブ｜冴かの｜青ブタ｜かぐや様好きです?vtuberも好きです。?フォロバ100％漏れがあったら教えてください！?たくさんの人とアニメの話ししたい！！絡んでくれると嬉しいです！?無言フォロー失礼します?クラロワ?ガルパ?ハニワ?たぐエン?ぐら癖//','https://pbs.twimg.com/profile_images/1233198035657613313/TM0duP-X_normal.jpg',1,5,3,1,'2020-03-13 23:41:57',NULL,NULL,NULL,'2020-03-13 07:14:22','2020-03-13 23:41:57'),(106,1233359523198357505,'。。','marumaru_kokoa',952,999,'15歳！春から高校生\nボカロ(neruさん、獅子志司さん)\nアニメ(ごちうさ、青ブタ、俺ガイル、五等分の花嫁、かぐや様)\nフォローと個ツイRTでお迎えします！！','https://pbs.twimg.com/profile_images/1233363339218079745/X9OiyoPR_normal.jpg',1,5,3,1,'2020-03-13 23:45:59',NULL,NULL,NULL,'2020-03-13 07:14:22','2020-03-13 23:45:59'),(107,1205757292907335680,'⌘Glow⌘【シノン推しの会No.55】','55_glow',1757,1770,'アニメ好き集合‼️アニメ・ラノベ・漫画・ゲームなどいろんな話をしたいです。最近はsaoのゲームしてます。これからもいろんな人と絡んでいきたいです。もちろんフォロバ100%。気軽にフォローして下さい( ✌︎\'ω\')✌︎','https://pbs.twimg.com/profile_images/1205757580892459009/xnq2Diij_normal.jpg',1,5,3,1,'2020-03-13 23:50:02',NULL,NULL,NULL,'2020-03-13 07:14:22','2020-03-13 23:50:02'),(108,1196380284851122176,'航平PUBG低浮上','NEFUANIME',2489,2751,'#リュノ親衛隊#中野家親衛隊\n弓道部\nゲームとアニメ大好き。\nPUBG、ガルパ、城ドラ\nタメ口(\'ω\'◎)ｵｹﾏﾙ\n無言フォロー失礼します。\nフォロバします！\n#アニメが好きな人と繋がりたい\n#漫画が好きな人と繋がりたい\nPUBG垢@PUBGenjoyNEFU','https://pbs.twimg.com/profile_images/1236005185853337600/BCD1ZU9n_normal.jpg',1,5,3,1,'2020-03-13 23:54:04',NULL,NULL,NULL,'2020-03-13 07:14:22','2020-03-13 23:54:04'),(109,1194215994698285056,'?シュウ?','koucha2g14',3992,3792,'アニメ垢です?仕事の無い休日はアニメを見たりしています?特に好きなアニメは/#五等分の花嫁/#俺妹/#SAO/#ニセコイ/#青ブタ/#俺ガイル/#俺好き/#プラメモ/#寄宿学校のジュリエット/です❄️ゲームは/#モンスト/#白猫/やっています⭐️良かったら固定ツイのRTとフォローよろしくお願いします?','https://pbs.twimg.com/profile_images/1231536960436457473/_7sKH0Gv_normal.jpg',1,5,3,1,'2020-03-13 23:58:06',NULL,NULL,NULL,'2020-03-13 07:14:22','2020-03-13 23:58:06'),(110,892740357435211777,'かずのしん ＠アニメ脳フォロバ3939%','kazuma20010620',1853,1992,'アニメ&ゲーム垢！ Fate、パズドラ 、プリコネR、バンドリ、モンスト...いろんなゲームに手を出してます笑 よくアニメを観ます！五等分の花嫁大好き 三玖大好き 冴え彼女大好き 加藤恵大好き 俺ガイル見始めました(今更感)いろは推し 青豚新刊入手！ アニメ大好き！ フォロバ100の自信あり！','https://pbs.twimg.com/profile_images/1237889704709599232/7bVAKAHu_normal.jpg',1,5,3,1,'2020-03-14 00:02:09',NULL,NULL,NULL,'2020-03-13 07:14:22','2020-03-14 00:02:09'),(111,1094974077029167104,'꧁✦͙͙͙*͙*♱♮神薙 澪來♮♱**͙✦͙͙͙꧂','SizukuKannagi96',14656,15609,'アニメ/漫画/ラノベ/ゲーム好きです！日常系、アニメ、ゲームの事をツイートしていきます。アニメ垢の方を中心にフォローしていこうと思います！気軽に絡んでくれると嬉しいです！よろしくお願いします(๑•᎑•๑) サブ垢→【@Sizuku_sub313】','https://pbs.twimg.com/profile_images/1183353628976791552/zpx6bwcq_normal.jpg',1,5,3,1,'2020-03-14 00:06:11',NULL,NULL,NULL,'2020-03-13 07:14:22','2020-03-14 00:06:11'),(270,222406894,'映画『父をめぐる旅』中村正義の生涯','megurutabinm',856,1521,'ドキュメンタリー映画『父をめぐる旅』異才の日本画家・中村正義の生涯の公式ツイッター。映画は只今撮影中！ここでは製作状況や中村正義について呟いていきます。合い言葉は「みんなで本当の日本を探そう！」「子供たちのために本当の日本を作ろう！」です。お問い合わせは＜info@cinemanest.com＞','https://pbs.twimg.com/profile_images/1181475331/____8_normal.jpg',1,2,4,1,'2020-03-14 00:23:25',NULL,NULL,NULL,'2020-03-14 00:18:22','2020-03-14 00:23:25'),(271,3636569172,'おちゃもり@非人間倶楽部','ravecraft777',15536,15699,'毒吐きまくりの毒キノコ?\n\n音楽と子供が大好きな、バツ3?子供3人?孫2人?\n\n人生向上中のおっさんです。','https://pbs.twimg.com/profile_images/1224719152692092931/wIZ5eZaU_normal.jpg',1,4,4,1,'2020-03-14 00:35:40',NULL,NULL,NULL,'2020-03-14 00:26:31','2020-03-14 00:35:40'),(273,3161509231,'さき saki','saki_tokyojapan',145491,142078,'tokyo japan??\nฅ\'ω\'ฅ　 100%\n　愛犬13歳 女の子　愛猫2歳10ヶ月女の子\n　元野良猫の子供\n　(保護猫)です(｡•◡•｡)⸝⋆\n?DMメッセージ見ません?','https://pbs.twimg.com/profile_images/835322672418455554/VWQ_d0k-_normal.jpg',1,5,4,1,'2020-03-14 12:05:05',NULL,NULL,NULL,'2020-03-14 12:00:55','2020-03-14 12:05:05'),(274,1208518059041771522,'日本ダイエットサポート協会☆楽カラ','rakukaraadvisor',995,978,'『世の中の病気と闘う子供たちをなくす』 ?その為に大人の食習慣を変える? ?痩せたい?綺麗になりたい?若返りたい #40代女性#50代女性　応援中 ?300名以上の女性が楽で楽しい #ダイエット#楽カラ で変身 楽カラって何⁉️ ?LINKツリーから情報をどうぞ?','https://pbs.twimg.com/profile_images/1236470263102898179/OKpsM4Bf_normal.jpg',1,5,4,1,'2020-03-14 12:12:43',NULL,NULL,NULL,'2020-03-14 12:08:42','2020-03-14 12:12:43'),(275,1205125929925611520,'メンダコ@愛の輪お繋ぎ隊','OyoideMendako',5233,3927,'【大家族×飾らない子育て】教育系自営/子供達の将来の為に12月に開設したブログは月4桁/児童心理学とライフハック駆使して毎日乗り切る?キャンプ用の別アカ→@rushblush_honey /笑いとドタバタな日常をお届けします✨フォローすると元気が出るかもよ?長男は #卵白アレルギー /次女は #思春期早発症 克服','https://pbs.twimg.com/profile_images/1224865317605625857/JQ_WYpaa_normal.jpg',1,5,4,1,'2020-03-14 12:19:04',NULL,NULL,NULL,'2020-03-14 12:14:54','2020-03-14 12:19:04'),(276,1183214470014750721,'いのうぇい@WEB系会社転職に向け修行中','wXXaahhxXsmBo0c',369,859,'(・ω・)左上の象さんが本体。\n\n29歳ネコ好き。元々、メーカーで検査員をしていたが、給料安すぎワロタなので一念発起。HTML&CSS、Rubyを中心に勉強中！駆け出しの皆さん、一緒に頑張りましょう！！\n\n毎日コツコツが肝心！DM、ご自由にどうぞ！やったるでーーー！！！！','https://pbs.twimg.com/profile_images/1222484796636459008/q82Z47NN_normal.jpg',1,1,5,1,'2020-03-14 12:53:45',NULL,NULL,NULL,'2020-03-14 12:49:40','2020-03-14 12:53:45'),(277,1200334571373334528,'HOMARE','elvcre_web',633,1369,'ITと映画を愛するアラフォー複業家(^^)/プログラミング歴15年。デザイン勉強してLPデザイナー目指中！学んだ事やプログラミング・健康を中心にご紹介。人生をより良くするためのきっかけ作りに実践している内容をコッソリお伝えします。PF:https://t.co/m4JoF58SAF','https://pbs.twimg.com/profile_images/1200354417985253377/_akgSx23_normal.png',1,1,5,1,'2020-03-14 12:57:50',NULL,NULL,NULL,'2020-03-14 12:49:40','2020-03-14 12:57:50'),(279,3223294286,'Route246','246route',239,1078,'246号へのイラ立ちを中心に日々なんでも呟いていきます！ロックとバスケ好きなただのライダーです…。','https://pbs.twimg.com/profile_images/603902443584233472/0L5BzGCC_normal.jpg',1,2,5,1,'2020-03-14 13:09:20',NULL,NULL,NULL,'2020-03-14 13:05:10','2020-03-14 13:09:20'),(280,14989919,'佐藤 圭司','kboxjp',504,597,'写真家。RED Photo Gallery メンバー。東京、バンコク、台北、ハバナなどのストリートを主なテーマとして都内各所で個展を開催。新宿のギャラリーを中心に活動。フォローはお気軽に。','https://pbs.twimg.com/profile_images/1143154370155958272/fnNRLbWu_normal.png',1,2,5,1,'2020-03-14 13:13:28',NULL,NULL,NULL,'2020-03-14 13:05:10','2020-03-14 13:13:28'),(281,229811086,'モダンアート','modernartproduc',10289,11307,'主に新人作家の作品を中心に展示を開催しております。ご質問などは遠慮無く！現役の学生も多数参加しております。\n多数の作家が参加するwebshop開設中！https://t.co/QAy7mDiShF','https://pbs.twimg.com/profile_images/1062749448936124416/3tA_Akfd_normal.jpg',1,2,5,1,'2020-03-14 13:17:35',NULL,NULL,NULL,'2020-03-14 13:05:10','2020-03-14 13:17:35'),(282,171006540,'ヴィンテージ愛好家','vintage_jp',11239,10824,'ヴィンテージの家具、雑貨、洋服が好きです。ビンテージやアンティークに関する話題中心にどんどんつぶやきます！','https://pbs.twimg.com/profile_images/1088086158/hornsea_normal.jpg',1,2,5,1,'2020-03-14 13:22:52',NULL,NULL,NULL,'2020-03-14 13:18:45','2020-03-14 13:22:52'),(283,338884456,'株式会社タグボート','Gallery_TAGBOAT',1273,1713,'現代アート販売（通販）のタグボートです。最新入荷、オススメ作品の販売情報を中心にお知らせいたします。フォローしてね!','https://pbs.twimg.com/profile_images/1452298283/tagboat_normal.gif',1,2,5,1,'2020-03-14 13:26:59',NULL,NULL,NULL,'2020-03-14 13:18:45','2020-03-14 13:26:59'),(284,197813379,'tagboat ART GUIDE','tag_artguide',2677,2316,'「tagboat ARTGUIDE」は首都圏を中心に6万部を配布する現代アートの鑑賞情報を掲載するフリーペーパーです。アート系展覧会口コミ情報サイト「artgene」と提携しております。FACBOOK　https://t.co/mGJbtdKG','https://pbs.twimg.com/profile_images/2872849259/a458405e68177049cb7affa914b65ff1_normal.jpeg',1,2,5,1,'2020-03-14 13:31:02',NULL,NULL,NULL,'2020-03-14 13:18:45','2020-03-14 13:31:02'),(285,129494764,'galleryMain','galleryMain',2348,1803,'京都は河原町五条にある写真を中心に扱うギャラリーメインの公式アカウント。2015年春に倉庫を改装した広々とした場所へ移転。春秋には企画展や若手作家による準企画展を開催、夏冬には接点を広げるべくグループ展も開催します。写真と人が響き合い刺激し合える場所をめざしています。モットーは対話です。まずは話すところから始めましょう','https://pbs.twimg.com/profile_images/973409217536147456/orSAlTKf_normal.jpg',1,2,5,1,'2020-03-14 13:35:09',NULL,NULL,NULL,'2020-03-14 13:18:45','2020-03-14 13:35:09'),(286,188982175,'物語屋（T. Fukuchi）','monogatariya',207,880,'名画の複製画を中心に販売するウェブショップ「物語屋」の公式アカウントです。店長である私（福地敏治）が、アートに関すること、文化に関すること、ウェブショップのことなどをツイートしています。もしかするとお得な情報をツイートすることがあるかもしれません。よろしくお願いします。','https://pbs.twimg.com/profile_images/1120760823/profile_twitter_normal.gif',1,2,5,1,'2020-03-14 13:39:17',NULL,NULL,NULL,'2020-03-14 13:18:45','2020-03-14 13:39:17'),(287,94558401,'TMMoA館長（豊田市美術館）','masa7878',9797,8428,'元APMoA館長（愛知県美術館）。豊田市美術館、そして愛知県を中心に、展覧会情報や美術館の裏側、学芸員の思いなどを非公式につぶやいています。時々、趣味のバードウォッチングのことなども。','https://pbs.twimg.com/profile_images/996591595368595458/8pXj8twP_normal.jpg',1,3,5,1,'2020-03-14 13:45:42',NULL,NULL,NULL,'2020-03-14 13:41:35','2020-03-14 13:45:42'),(288,718700199539974144,'まっすん??','indigoblue_mm',5984,5899,'娘。を中心にハロプロを絶賛応援中♪在宅映像派でしたが、娘。\'16 EIM 参戦を機に現場派に！娘。あゆみん、アンジュ たけちゃん、JJ 佳林ちゃん、カントリー むすぶ、こぶし れいれい、つばき りさまる、CHICA#TETSU いっちゃん、雨ノ森 川海 ゆはね','https://pbs.twimg.com/profile_images/1237325159641387008/rLXfPIe6_normal.png',1,3,5,1,'2020-03-14 13:49:50',NULL,NULL,NULL,'2020-03-14 13:41:35','2020-03-14 13:49:50'),(289,1094098617709748224,'ジュリエット＝ジュリエット。','910Teamc',938,1000,'℃-ute,モーニング娘。を中心にハロプロ関連とOG全般。\n\n無言フォロー、RT歓迎、〈基本〉フォロバします。\n無言フォロー失礼します。\n\n\n・℃-ute解散コンサート\nアカペラ～9:10\nhttps://t.co/0G2srLIOZ8\n\nhttps://t.co/LZVlCo2ADo','https://pbs.twimg.com/profile_images/1095639789456379904/ktbI_2fn_normal.jpg',1,3,5,1,'2020-03-14 13:53:53',NULL,NULL,NULL,'2020-03-14 13:41:35','2020-03-14 13:53:53'),(290,3317236531,'岐阜イベント情報サイト『のぶすと！』','nobust_gifu',1376,2015,'地域活性化プロジェクト・岐阜イベント情報サイト みんなでのぶながすとり～と！の略「のぶすと！」”Webで繋ごう地域活性の輪”をコンセプトに、岐阜市中心市街地（岐阜駅～長良川周辺）のイベント情報を配信しています！イベント情報も募集中！(掲載無料) メッセージはお気軽にどうぞ。【HP】https://t.co/saxRPxdm6s','https://pbs.twimg.com/profile_images/679222874264092673/y9dyejWd_normal.jpg',1,3,5,1,'2020-03-14 13:58:03',NULL,NULL,NULL,'2020-03-14 13:41:35','2020-03-14 13:58:03'),(291,3561931998,'戦前～戦後のレトロ写真','oldpicture1900',118943,92051,'主に戦前～戦後昭和の懐かしい写真を貼っていきます（脱線も多々）。 人を中心に、当時の暮らしぶりが分かるような物を挙げて行きたいと思います。\n出会い業者さんなど以外は基本的に全員100%フォロバさせて頂いてますが、最近フォロー上限規制が厳しいのですみませんがお待ちください。','https://pbs.twimg.com/profile_images/691277640674598912/FtECHO6p_normal.jpg',1,3,5,1,'2020-03-14 14:02:04',NULL,NULL,NULL,'2020-03-14 13:41:35','2020-03-14 14:02:04'),(292,2645350717,'きみちゃ','McySakura19',368,370,'～2017.1.22 ぜ。推し 2017.1.23～ ぜ。推し+橙イルミィ MeseMoa.と株式会社DDが好き あにまるずを捏造します。F/R/Bはご自由に フォロバはお会いしたことがある方中心にゆっくりめ 心はいつもド新規 いつまでも背中を押せるオタクでいよう2019 \nネタバレ：@McySakuraCFTM','https://pbs.twimg.com/profile_images/1209498203717898240/OQKciBO4_normal.png',1,3,5,1,'2020-03-14 14:06:12',NULL,NULL,NULL,'2020-03-14 13:41:35','2020-03-14 14:06:12'),(294,802342971836231682,'食べログマニア【相互垢】','japaninformati',1045,1217,'東京を中心とした観光グルメ情報発信します。\n\n鍵垢は申請を複数回送ってしまう可能性があるのでフォローしてません。','https://pbs.twimg.com/profile_images/1201879793949708289/cTE9OW5q_normal.jpg',1,4,5,1,'2020-03-14 14:16:49',NULL,NULL,NULL,'2020-03-14 14:12:41','2020-03-14 14:16:49'),(295,1213649877160185856,'ヒカックFC公式サポーター　自称ウイイレ評論家　若手大好き　フォロバ100%','O3ewhhoNRmudr6s',1396,2238,'ヒカック FC公式サポーターです(前前垢です認められた) ウイイレの投稿を中心に淫夢の投稿もします！ レートは1200行きました！ 自称ウイイレ評論家 なんかあったら聞いてね！(ウイイレのこと) ヒカックFCは最強！フォロバ残しがあったら教えてね！','https://pbs.twimg.com/profile_images/1228595888911577088/L4rd1PVb_normal.jpg',1,4,5,1,'2020-03-14 14:21:00',NULL,NULL,NULL,'2020-03-14 14:12:41','2020-03-14 14:21:00'),(296,1185095852823437313,'ネーチャンボーイ（おじさんです）','dopVuCWAulQiwta',212,1747,'東京・千葉を中心に夜のお店を紹介しております。\n学生・バイト感覚で高収入・・・週一でもOK\nスカウトバックの50％皆さんに還元しています。\n\n＃バイト　＃高収入　＃週一　＃夜　＃学生\n\n✉ omhc55555@softbank.ne.jp','https://pbs.twimg.com/profile_images/1185106370904776704/JXWuJKbI_normal.jpg',1,4,5,1,'2020-03-14 14:25:06',NULL,NULL,NULL,'2020-03-14 14:12:41','2020-03-14 14:25:06'),(297,1096380317181501440,'新井聡','Z8P5f0ftdjmxRAH',372,555,'乃木坂、欅坂を中心に情報を発信しまーす！！人生楽しまないと！！ #彼女 #彼氏 #アイドル #音楽 #出会い #乃木坂 #欅坂','https://pbs.twimg.com/profile_images/1096391628355395585/FtXl8nWF_normal.png',1,4,5,1,'2020-03-14 14:29:17',NULL,NULL,NULL,'2020-03-14 14:12:41','2020-03-14 14:29:17'),(298,2949775171,'シロクマ ◢⁴⁶','SIROKUMACB400SF',630,817,'兵庫県を中心にCB400SFとpcx125に乗ってますバイク乗りの人と繋がりたいです あとツーリング仲間も欲しい 最近は周りが乗らなくて1人では乗ってます フォローよろしくお願いします 乃木坂 日向坂推してます 乃木坂は秋元真夏 田村真佑日向坂は富田鈴花推しです！','https://pbs.twimg.com/profile_images/1218176350562897920/PgnK3HDd_normal.jpg',1,4,5,1,'2020-03-14 14:35:45',NULL,NULL,NULL,'2020-03-14 14:31:39','2020-03-14 14:35:45'),(299,1143093627104530432,'小田急線民@フォトコン開催中','Odakyusenmin',1145,1356,'無言フォロー失礼します。\nぜひフォローお願いします！\nフォロバ率95%！\nBVEやってます！\n小田急中心にやってます！\nたまに関東の鉄道運行情報をお届けします。','https://pbs.twimg.com/profile_images/1235877483649462272/0Kt6ih-s_normal.jpg',1,5,5,1,'2020-03-14 14:44:27',NULL,NULL,NULL,'2020-03-14 14:40:19','2020-03-14 14:44:27'),(300,2436961392,'NA(ナー)','swordraspberry2',174,215,'レディかつ愚民かつキュアサマー。うたプリとディズニーとプリキュア中心に趣味雑多に呟き垢です。たまにコスプレ。うたプリと共に歳取るヲタク。プリキュア/ディズニーDハロ/SAO/コスプレ/宝塚月星/EGOIST/リゼロ/ノゲノラ/ダンス/ボーカル/ミュージカル  成人済社会人だけどプリキュアになれました/関西在住','https://pbs.twimg.com/profile_images/1227944765586464768/-O7Rni99_normal.jpg',1,5,5,1,'2020-03-14 14:49:38',NULL,NULL,NULL,'2020-03-14 14:45:37','2020-03-14 14:49:38'),(301,983880218229157888,'まほプリ沼','mahonuma',3257,4970,'魔法つかいプリキュア！を中心に色々な作品を見ていますがTweetはまほプリ中心になると思います。現在Netflixにて月額での見放題が可能です。無料期間もありますので是非試してみては？ 旧作ですので各地でのレンタルもしやすいかと思います。テレビ埼玉にて水曜18時15分より再放送中ですので興味のある方は是非御覧ください。','https://pbs.twimg.com/profile_images/1080677934224920576/rPJ4szZQ_normal.jpg',1,5,5,1,'2020-03-14 14:54:55',NULL,NULL,NULL,'2020-03-14 14:50:49','2020-03-14 14:54:55'),(302,1226079829910405122,'いとー','qS5aGOh1vB04MRR',139,420,'28歳・愛知県・東京出身・?‍?同棲してもうすぐ2年、月に2人で食費25,000円目標！献立考えるの大変そうな彼女の力になりたい⛑旨くて安いごはんを研究中?買うと高い野菜を中心にベランダ菜園','https://pbs.twimg.com/profile_images/1226080069342248960/6DwGuqf3_normal.jpg',1,5,5,1,'2020-03-14 14:58:57',NULL,NULL,NULL,'2020-03-14 14:50:49','2020-03-14 14:58:57'),(303,1178650363072638976,'花海ことは／キュアフェリーチェ資料館','HanamiKotoha_AI',116,125,'魔法つかいプリキュア！の花海ことはちゃんが大好きです！\nプリキュアシリーズは全シリーズ視聴済み。\nヘッダーの作者はかぐ猫様(@kaguneko_nyan)です。\n魔法つかいプリキュア！のリツイートが中心です。\nフォロバはプリキュア好きの方限定です。\nなりきりのようでなりきりではないようなアカウントです。','https://pbs.twimg.com/profile_images/1211955317749104640/Xl0YqNRj_normal.jpg',1,5,5,1,'2020-03-14 15:03:07',NULL,NULL,NULL,'2020-03-14 14:50:49','2020-03-14 15:03:07'),(305,1208644404589690880,'敦也@TECH::EXPERT68期','atsuya_koshida',120,80,'完全未経験×高卒×就職経験なし×元バンドマン。 エンジニア就職を目指してTECH::EXPERT短期集中コースに通っています！ スクールに通っている日々の様子だったり学習のアウトプットを中心に発信していきます?‍♂️ 朝活筋トレはじめました?️‍♀️ Youtubeにルーティン動画もあげています。','https://pbs.twimg.com/profile_images/1215620563873366016/jUjJKcv7_normal.jpg',1,1,5,1,NULL,NULL,NULL,'2020-03-14 15:44:29','2020-03-14 15:40:26','2020-03-14 15:44:29');
/*!40000 ALTER TABLE `tw__target__friends` ENABLE KEYS */;
UNLOCK TABLES;
DROP TABLE IF EXISTS `tw__tweets`;
/*!40101 SET @saved_cs_client     = @@character_set_client */;
/*!40101 SET character_set_client = utf8 */;
CREATE TABLE `tw__tweets` (
  `tw_tweet_id` bigint(20) unsigned NOT NULL AUTO_INCREMENT,
  `detail` text COLLATE utf8mb4_unicode_ci NOT NULL,
  `tags` text COLLATE utf8mb4_unicode_ci,
  `attachment` blob,
  `app_id` bigint(20) NOT NULL,
  `deleted_at` timestamp NULL DEFAULT NULL,
  `created_at` timestamp NULL DEFAULT NULL,
  `updated_at` timestamp NULL DEFAULT NULL,
  PRIMARY KEY (`tw_tweet_id`)
) ENGINE=InnoDB DEFAULT CHARSET=utf8mb4 COLLATE=utf8mb4_unicode_ci;
/*!40101 SET character_set_client = @saved_cs_client */;

LOCK TABLES `tw__tweets` WRITE;
/*!40000 ALTER TABLE `tw__tweets` DISABLE KEYS */;
/*!40000 ALTER TABLE `tw__tweets` ENABLE KEYS */;
UNLOCK TABLES;
DROP TABLE IF EXISTS `users`;
/*!40101 SET @saved_cs_client     = @@character_set_client */;
/*!40101 SET character_set_client = utf8 */;
CREATE TABLE `users` (
  `id` bigint(20) unsigned NOT NULL AUTO_INCREMENT,
  `name` varchar(191) COLLATE utf8mb4_unicode_ci NOT NULL,
  `email` varchar(191) COLLATE utf8mb4_unicode_ci NOT NULL,
  `email_verified_at` timestamp NULL DEFAULT NULL,
  `password` varchar(191) COLLATE utf8mb4_unicode_ci NOT NULL,
  `remember_token` varchar(100) COLLATE utf8mb4_unicode_ci DEFAULT NULL,
  `deleted_at` timestamp NULL DEFAULT NULL,
  `created_at` timestamp NULL DEFAULT NULL,
  `updated_at` timestamp NULL DEFAULT NULL,
  PRIMARY KEY (`id`),
  UNIQUE KEY `users_email_unique` (`email`)
) ENGINE=InnoDB AUTO_INCREMENT=2 DEFAULT CHARSET=utf8mb4 COLLATE=utf8mb4_unicode_ci;
/*!40101 SET character_set_client = @saved_cs_client */;

LOCK TABLES `users` WRITE;
/*!40000 ALTER TABLE `users` DISABLE KEYS */;
INSERT INTO `users` VALUES (1,'ナカバヤシコウタロウ','123windam@gmail.com','2020-03-11 21:58:32','$2y$10$tbVA37orkEErCpUfOxZWNeIWpdFiMkxpO55nREM9lDM7/O5mU.Zhq',NULL,NULL,'2020-03-11 21:52:47','2020-03-11 21:58:32');
/*!40000 ALTER TABLE `users` ENABLE KEYS */;
UNLOCK TABLES;
/*!40103 SET TIME_ZONE=@OLD_TIME_ZONE */;

/*!40101 SET SQL_MODE=@OLD_SQL_MODE */;
/*!40014 SET FOREIGN_KEY_CHECKS=@OLD_FOREIGN_KEY_CHECKS */;
/*!40014 SET UNIQUE_CHECKS=@OLD_UNIQUE_CHECKS */;
/*!40101 SET CHARACTER_SET_CLIENT=@OLD_CHARACTER_SET_CLIENT */;
/*!40101 SET CHARACTER_SET_RESULTS=@OLD_CHARACTER_SET_RESULTS */;
/*!40101 SET COLLATION_CONNECTION=@OLD_COLLATION_CONNECTION */;
/*!40111 SET SQL_NOTES=@OLD_SQL_NOTES */;

